input_0,input_1,input_2,output_0,output_1,output_2
0.010909864,0.6039795,1.2155372,-0.008120896,0.7934041,0.18000355
-0.6721971,-0.5048048,1.2942076,-0.6248303,0.7176727,0.28669965
-0.2019574,0.7799611,1.8010845,-0.1569474,1.0712117,0.3437792
-0.49489218,0.36112595,-0.6933424,-0.42201793,-0.5961975,0.43924385
1.2787255,-1.1023825,0.22630152,1.150913,0.3292516,-1.2158725
1.7554682,-1.470973,2.0709667,1.6675285,1.4851444,-1.6587696
-0.23933637,1.1656135,-0.8878327,-0.14446007,-0.6421735,0.5031899
-0.13498738,1.3326666,1.1862812,-0.100167975,0.7453348,0.49470973
1.3460221,0.52206784,0.769055,1.194375,0.68114614,-0.7024916
-0.013289791,-0.3578123,-0.47472942,-0.00975232,-0.29681605,-0.12503627
1.130366,-0.6580426,-0.86123383,1.0526154,-0.3730352,-1.0195074
0.09029877,0.49064615,0.93098736,0.046326056,0.6581481,0.10133879
1.3975042,-0.26496062,-0.22715642,1.2490168,0.044832915,-1.0212034
0.6424841,0.57460374,-0.5062506,0.58663636,-0.25686002,-0.22028601
3.204833,-1.2313321,1.0665352,2.7113152,1.0658731,-2.3758073
-0.41263187,1.4257401,2.1038203,-0.28336078,1.1918184,0.64024985
-0.12148015,-0.3508668,-0.38667604,-0.10514279,-0.24550511,-0.055988923
-0.009372803,-0.45881674,0.9810307,-0.04114125,0.68004274,-0.13832092
-0.79404944,0.651394,-2.0721984,-0.7286057,-1.4187458,0.672748
-1.1816719,-0.80880874,0.96034265,-1.0266901,0.260992,0.51075107
-0.1443533,-0.0013982725,-2.413782,-0.15676896,-1.5239275,0.10860431
1.5211911,-0.57662904,-0.6808119,1.3907903,-0.21246846,-1.2576791
-0.09477409,-0.40978098,1.0979239,-0.12473768,0.7390295,-0.061761126
-0.3644534,0.48843586,-0.4207452,-0.28824335,-0.40827143,0.38928312
1.5052351,-1.3528008,1.6680157,1.4171278,1.2393515,-1.4553971
0.5978313,-0.39166754,-2.0980165,0.5000927,-1.2181628,-0.47510755
-0.043745782,0.4800298,-0.078700766,0.035140872,-0.0873469,0.13400863
1.2441804,-1.3044708,1.1984463,1.1687621,0.93124354,-1.2703748
-0.6926955,-0.4329341,0.4325273,-0.62262183,0.12301349,0.30584025
0.77604187,0.68536264,-1.0951563,0.71474534,-0.5868556,-0.2525844
-0.63276905,0.96535885,-0.007273685,-0.5374359,-0.15424336,0.724105
1.6851577,-0.87065625,-0.2432304,1.502588,0.081674814,-1.4193541
1.9000956,-1.3773582,0.16158913,1.6663122,0.3761338,-1.6793774
0.021166699,0.62664425,-0.25991654,0.11479843,-0.20875682,0.1265676
-0.63937396,-0.1995374,-0.3613571,-0.63650924,-0.3480239,0.3962773
0.11386973,-0.7422995,1.1029379,0.12707713,0.75236475,-0.3536083
-1.9605094,2.1296172,-0.71811545,-1.6969512,-0.819162,1.901819
0.119841285,-0.74456143,-1.1519047,0.05484508,-0.70632136,-0.30640084
-0.2194313,-1.4605881,-0.34722322,-0.20665751,-0.21558197,-0.3296731
0.051290903,-0.7472543,-0.22616594,0.004017411,-0.08567001,-0.27734527
-1.0920851,0.8981969,0.5469149,-0.93580765,0.16344,1.0074648
-0.1131112,-1.1542585,-0.6756108,-0.14391105,-0.3853941,-0.2834577
-0.67100334,0.182159,-0.19612312,-0.63715667,-0.282853,0.5329445
-1.1105483,0.36028454,0.29273355,-1.0058248,-0.08326851,0.85551405
-0.2293011,-0.69634974,-1.9970342,-0.17970704,-1.2302835,-0.091411114
2.0234916,-1.5075955,0.35114962,1.7704562,0.49178588,-1.7874008
0.6647654,-1.1056638,0.61140823,0.58551544,0.47888297,-0.7898195
-1.964249,0.27925774,-1.7923214,-1.641505,-1.3514836,1.3037745
0.3882952,-1.5507115,0.23043805,0.3062167,0.21102054,-0.75234413
0.22238664,-0.024028948,-0.061864596,0.25535372,0.027990147,-0.22658019
0.13142495,-0.80620265,-0.40809274,0.06302266,-0.18014915,-0.33853945
-0.96838486,0.62538415,0.98188084,-0.82960194,0.46250516,0.8333582
-0.7247662,0.64663756,0.5121062,-0.61172324,0.23155576,0.68993896
1.014939,0.6569416,0.30602846,0.90818316,0.3210773,-0.44663528
0.9608763,-2.0212045,-0.3781753,0.7812375,-0.052189216,-1.2771118
0.6112967,-0.6610047,0.25880462,0.53455234,0.26584017,-0.6109515
-0.0022863166,-0.3582404,-0.10238133,0.023182688,-0.0078950375,-0.16290045
-1.0599425,0.0094825225,-0.24967146,-0.9803287,-0.38047218,0.7135942
1.3239825,-1.821494,-0.13223577,1.1819816,0.1539511,-1.4629489
-0.85222226,-0.6067368,0.22335339,-0.7769013,-0.054999053,0.35554713
-0.26561415,-0.6654674,0.47626525,-0.2656685,0.23067015,-0.053220764
0.7627258,-0.046696432,0.59137636,0.6805621,0.5316929,-0.5196873
-0.12328274,-0.00034609332,0.78977925,-0.16581936,0.5530599,0.10670489
0.14498958,0.74189466,0.24884279,0.15251891,0.17684422,0.13274048
-0.7032952,1.2264497,-0.76372355,-0.5858092,-0.66948605,0.8347045
2.537416,-1.5536121,0.058313437,2.1809595,0.37216794,-2.1202092
-0.54932314,0.09711094,-0.12174328,-0.53285223,-0.19906156,0.42968673
1.0581545,-1.3452578,0.78862685,0.9857308,0.63959,-1.1552128
-1.209837,1.3056082,-1.6483152,-1.0875727,-1.188034,1.1551914
-1.7833033,1.4359283,1.0693802,-1.5649984,0.33175176,1.6402162
0.402012,-0.34098434,0.3983511,0.32658377,0.35688603,-0.3608738
-0.36965966,0.5556921,-0.05314361,-0.29409003,-0.13795604,0.40889648
-1.3579303,0.5513514,-0.33625397,-1.210615,-0.49156475,1.0575973
0.72720134,-1.0237164,-1.3014809,0.6230391,-0.66427433,-0.81628865
0.58564436,-0.66975856,1.3622398,0.5350147,0.9843503,-0.6267868
1.2885218,-0.52847236,0.3850787,1.1386642,0.4411233,-1.0079366
-0.8275442,-0.12044295,-0.35775784,-0.79386204,-0.39370638,0.5362399
-0.7397802,2.6556118,0.10753079,-0.749846,-0.08062209,1.4837807
1.2112557,-0.41647136,1.1496265,1.1066618,0.92430913,-0.9328827
0.9653516,-0.08861992,-1.671234,0.8585413,-0.94663167,-0.62420666
-1.9418876,1.6065247,0.56653756,-1.6812034,0.035311744,1.7499393
0.22973526,-1.0112484,0.88802344,0.23527153,0.5947187,-0.5200671
0.83579093,0.3920821,-0.5389216,0.7583621,-0.23384036,-0.41296846
1.2049602,-0.8304751,0.35569966,1.0818326,0.40812415,-1.0643098
0.14777048,-0.4221679,-0.2985692,0.14760245,-0.12396322,-0.2686747
-1.1054087,-0.19736785,1.7255139,-0.9456379,0.86882746,0.6316035
-0.7092761,-0.41501364,1.5169264,-0.6424884,0.85206544,0.32511553
-1.9090091,0.49406222,0.62879395,-1.6461699,-0.025244758,1.3597131
-1.2465283,1.4043835,-0.6357941,-1.0906367,-0.670428,1.2518107
0.24755345,1.3848529,-0.7386524,0.2569263,-0.44501424,0.2709167
-0.0575731,-0.8476466,-0.16925472,-0.09926086,-0.07125838,-0.23995095
1.1770879,-2.4637244,0.6847415,1.1352885,0.49974954,-1.6136914
-2.096986,1.1498171,0.77297753,-1.8072603,0.09168641,1.7061878
-0.7297165,-0.035721034,-0.7397013,-0.69436365,-0.62670904,0.49512935
0.2049128,-0.38052142,2.2785747,0.20609704,1.438417,-0.26754308
-0.5884634,0.5500037,-0.5866172,-0.49304575,-0.5443711,0.552374
1.0586662,-2.742523,-0.7013851,0.8784818,-0.2681027,-1.5029708
-1.2860274,0.2075946,0.24771924,-1.1492155,-0.15735601,0.9000664
-0.13705607,0.15948853,-1.2132231,-0.115805164,-0.8609272,0.13528275
0.5486325,0.3240807,0.043429576,0.52134424,0.10562424,-0.29882267
-0.28373688,0.27410284,-0.8408297,-0.19376211,-0.669706,0.23696929
0.45425045,0.29598612,2.0720882,0.39374694,1.3714359,-0.21049231
-0.16798103,-1.319536,-0.7634792,-0.15273286,-0.43462604,-0.31530294
2.0233896,-1.1312436,-0.6024608,1.8094822,-0.109006986,-1.7492775
0.9964095,-0.45391774,0.9509531,0.9026045,0.7819377,-0.8014436
0.4115839,-0.8290286,1.0153955,0.3711899,0.7481535,-0.5600943
-1.1456041,1.1999586,-0.72483313,-1.0074342,-0.7080086,1.1289293
0.36036968,-0.16794325,0.55776685,0.2939707,0.47518146,-0.28689304
0.13419075,0.32247785,-2.7249665,0.1503808,-1.6547003,-0.018873692
-1.1352118,-0.036673464,0.864322,-1.001746,0.3264658,0.73310184
0.08841317,-0.7108764,-1.5522697,0.04476483,-0.93892527,-0.28801847
-0.865708,1.0619161,-0.061366227,-0.75496346,-0.2470202,0.9089934
-0.5089374,1.6364744,0.8964474,-0.49113315,0.48809677,0.9401361
0.47868323,-0.4733573,0.9946358,0.41019517,0.7554786,-0.47275835
0.8497113,0.6657528,-0.52839196,0.7465442,-0.24100028,-0.30883998
0.3586741,-0.14173777,1.1856723,0.29372233,0.85342145,-0.2827385
-0.5339256,-0.35741505,2.6112628,-0.43974912,1.4629195,0.20444512
0.50274396,-0.8696605,-0.3635726,0.3854754,-0.1137736,-0.59104586
0.5145304,-0.62761194,0.3922155,0.4340087,0.34073484,-0.52713776
-1.805029,0.36350095,-0.69977766,-1.547148,-0.76410735,1.2563818
0.42143834,-0.8134015,1.7605366,0.43353286,1.1620299,-0.59097475
1.0225779,-0.5258694,0.18776694,0.9178576,0.28894424,-0.85733294
-2.432382,1.7400017,1.2246653,-2.1026278,0.31375188,2.1158252
0.06490547,-0.73971325,-0.27753937,0.019811703,-0.11204003,-0.28591907
-0.15859349,-0.26914355,1.8912723,-0.15787356,1.1619524,0.026954189
-1.6747314,0.09202499,1.2959055,-1.4368956,0.44581962,1.1253463
0.65149903,-1.0639843,1.1757039,0.600546,0.8641089,-0.79312015
1.1434872,-1.944034,1.0149635,1.1115265,0.7188683,-1.4352494
-0.96841145,1.4158272,-1.4537292,-0.8488042,-1.0345917,1.0416669
0.47037375,-0.6609704,1.5854014,0.45320472,1.0853298,-0.56320524
0.30025262,0.46330526,1.0648551,0.21994781,0.7638897,-0.02974452
-1.1226737,0.13826062,1.0157051,-0.97563607,0.45804965,0.7758342
0.86572486,0.5265447,-0.12355452,0.7609189,0.014827788,-0.37272698
-1.1049111,0.88006926,-0.28356817,-0.9732935,-0.4260062,1.0011166
-0.36451706,1.3376117,0.6337554,-0.34316698,0.35918534,0.73019874
-0.28755483,0.7892494,-1.3623651,-0.22876675,-0.93197656,0.41135767
0.05935834,-0.42877,-2.3413982,0.032592073,-1.4207892,-0.15131438
0.63334894,-0.26118848,-0.6195084,0.62433535,-0.30753338,-0.5560589
0.2504827,0.31273454,0.44456914,0.23322736,0.38146025,-0.096930966
0.00789471,-1.9964557,-0.68967664,-0.0064624865,-0.39430296,-0.6097467
-0.589051,-0.2836183,-0.32536355,-0.5912767,-0.31014436,0.33157808
-0.4438504,-0.5312471,-1.1006391,-0.4081639,-0.7653996,0.11819714
1.930292,-1.5995436,1.2416648,1.7666537,1.0271341,-1.7846998
0.26853782,-0.106149726,-0.01975378,0.26574326,0.058352567,-0.25542942
-1.218122,0.83104,0.15676343,-1.0773146,-0.15788929,1.0634605
0.4388184,-0.92755896,-1.2991794,0.34106615,-0.7269388,-0.57516634
-0.099145025,-0.29681796,1.8282083,-0.11032602,1.1412354,-0.014848001
-0.7495549,0.86332256,-0.007426776,-0.6514349,-0.18805276,0.7694242
0.9194055,-0.7003562,1.3504798,0.8366224,1.0189947,-0.8427119
-2.3854449,0.9542746,0.6313672,-2.0397885,-0.07200749,1.7931287
-0.8307854,0.52858937,-0.074628234,-0.749032,-0.24913187,0.72865105
-1.90003,0.5824077,-1.5376556,-1.6163557,-1.2132174,1.370479
1.7720081,-0.9119139,0.58417934,1.5469112,0.6126171,-1.4214052
0.9846291,0.25984877,-0.39891303,0.88281965,-0.11872609,-0.5512009
0.6020839,0.34516013,-2.230261,0.5714003,-1.3271916,-0.2952749
1.4809195,-0.9580863,-0.18581893,1.3357548,0.10270274,-1.3246857
-0.9869188,0.7006206,0.048083104,-0.8798847,-0.19834618,0.8772595
-1.2352885,-0.4828474,-0.07548721,-1.0780207,-0.30572504,0.6517363
-1.2337469,1.5104358,0.39947033,-1.095343,0.041851297,1.3162812
0.8153319,0.2019298,-0.028283114,0.70529175,0.08379011,-0.447716
0.080495566,-0.029743033,-0.17084828,0.14221117,-0.07526444,-0.1332669
-1.141126,-0.116655864,0.09744904,-1.043926,-0.21519177,0.72570926
0.12712702,0.474948,-1.0066338,0.12280269,-0.7113052,0.07998283
-0.14524877,0.46484935,-0.30235076,-0.057907358,-0.26755232,0.20994726
-1.2508996,0.40403435,0.48834187,-1.1207765,0.036212847,0.9656323
-0.6987971,-1.5230159,0.46753073,-0.5623014,0.08328087,-0.059091195
-1.2170471,0.7424341,-0.4036019,-1.0711589,-0.5181213,1.0239893
1.5479269,-0.881937,0.8214365,1.383754,0.7409629,-1.2839822
0.3463764,-0.9332732,-1.1079593,0.25131005,-0.63026845,-0.51043177
-1.4904237,0.49408302,-1.6547391,-1.3183429,-1.2302539,1.1068149
0.45189276,0.56724095,-1.6709164,0.42715618,-1.0246522,-0.11451566
1.6953835,-1.6943072,0.7268919,1.5337803,0.67579794,-1.6519564
-0.41379014,0.6419919,1.9376292,-0.3474535,1.1197966,0.43217367
1.2993745,-1.0390538,-1.4084083,1.1611174,-0.6333297,-1.2275788
-0.71133405,1.8709586,0.6278294,-0.6983239,0.2788682,1.1723793
0.1029361,-0.32729068,1.5796777,0.071023114,1.0416085,-0.16947764
0.3395618,0.26089638,-0.63413125,0.35067993,-0.41150582,-0.14336818
0.76559484,0.116534546,-1.7072309,0.6855292,-1.0167193,-0.43879014
0.3094001,0.8134149,-0.26484418,0.37095883,-0.17423354,-0.013749316
0.44713634,0.09522227,-0.66414297,0.4400492,-0.40281624,-0.27239937
0.64398056,-0.09959004,0.36513257,0.56569684,0.37035766,-0.45628667
1.4252264,-1.6491188,-2.15592,1.2212102,-0.99169576,-1.4510523
0.3097768,-0.27428138,-2.3402536,0.24012612,-1.4034483,-0.24300218
-0.21934642,0.30670568,1.5521164,-0.221172,0.96241033,0.2228542
-1.9183699,-0.10145864,2.2098317,-1.5566928,0.8996698,1.1530827
0.78283304,-0.12434832,-1.1867864,0.70676017,-0.68859375,-0.5500083
-1.4075869,2.3930125,-0.807343,-1.2324648,-0.7429604,1.6595817
-0.17962506,-0.4646162,-1.3343768,-0.20178412,-0.8810663,-0.030018032
0.6462891,0.34378603,0.06159602,0.5931824,0.12288152,-0.334126
-2.163265,1.6697996,-0.7921415,-1.8850403,-0.8920071,1.8896209
-0.3667572,0.7007252,0.1602912,-0.27449274,0.045665458,0.44752192
-0.3745612,2.3050127,-0.87965655,-0.31875652,-0.60183275,0.9943695
0.26576516,-0.6514126,-0.25171706,0.18948092,-0.07344963,-0.3767059
0.09039276,0.2464403,0.57251686,0.046155386,0.45295292,0.02800525
0.13125287,0.17744738,-0.97542554,0.11006679,-0.69285285,-0.005894929
0.4076307,-0.77884054,1.5605922,0.40756828,1.0516638,-0.56647646
-0.30746156,1.4439367,0.35608855,-0.28111133,0.15911944,0.7151406
-0.8383317,0.57345736,-1.0005507,-0.73709583,-0.81656164,0.7210383
-0.9953377,0.14432019,-2.8564026,-0.8647098,-1.8440989,0.67283475
0.013555083,0.22638144,-0.6041361,0.067808524,-0.4572215,0.035322353
-0.81321317,1.5706781,0.39129132,-0.73255205,0.106919125,1.0811456
0.76012516,-1.056184,-0.8954047,0.6537572,-0.43403625,-0.8490386
-1.4992815,1.5298535,-0.6480867,-1.3087921,-0.7115771,1.443172
0.8690636,-0.57860553,-2.081127,0.74391484,-1.1491055,-0.7164426
-1.3163038,-0.44928977,0.024621114,-1.1432122,-0.27098805,0.7126663
0.0084864665,0.19544332,-1.512738,-0.008270459,-1.0279007,0.060914934
0.11568023,-1.0478767,-0.843127,0.034152642,-0.4796148,-0.3882556
2.1292875,-0.9801407,0.29070094,1.827651,0.44730735,-1.6694626
1.7452435,-1.2594385,0.96011746,1.5758977,0.838336,-1.5419775
-1.2829211,0.3021997,-1.6277835,-1.1437137,-1.1945343,0.917518
-1.6242659,1.2961123,-0.12960279,-1.4182415,-0.42106676,1.4404652
0.17039163,0.76737505,0.38290793,0.16855764,0.28259706,0.12801649
2.3260334,-1.5696518,0.83329916,2.0358083,0.8140899,-1.9844913
0.5390759,-0.45117164,-1.4010737,0.44249722,-0.8335053,-0.4780299
-0.82722294,0.7265718,0.6705252,-0.70164055,0.30829567,0.78721267
0.4275475,-1.2742485,1.5154458,0.46858537,0.9961442,-0.7613572
-1.6282791,0.7117974,0.2455017,-1.4320483,-0.19740917,1.2707443
-2.2571301,1.2739314,0.9634942,-1.9286941,0.18767212,1.8367448
0.73988134,-1.0445176,-0.55223584,0.61767364,-0.20620264,-0.8175685
-0.9598926,1.3920993,-0.360324,-0.83767813,-0.46467787,1.0712887
-1.5859417,1.2364218,1.2734846,-1.3691068,0.47865248,1.4245387
-0.41208395,-0.528059,0.8986609,-0.40334392,0.5223155,0.102727026
0.26579186,0.59308076,1.2061834,0.19508393,0.8324857,0.026281029
-0.09245878,-0.22818983,0.82131875,-0.13041954,0.5770896,0.002796404
2.6298456,-1.0774083,-0.5000608,2.2927709,0.032479152,-2.0723715
0.9710933,-1.4291708,-1.5230541,0.8226791,-0.7293665,-1.0924617
-0.57258695,0.7076153,2.1620815,-0.4677251,1.2032504,0.5473541
1.7301017,0.4541838,1.6371958,1.5463039,1.2693032,-1.0141739
0.10553018,1.5382159,0.9057587,0.06615023,0.61532444,0.45206833
-0.8628058,0.8984715,-0.6116259,-0.75153786,-0.5951694,0.8512174
0.5645908,0.31765515,0.21237907,0.53766406,0.22074154,-0.31493872
-0.6328396,0.116514504,-1.1052886,-0.5584772,-0.84986573,0.4274403
-0.983377,0.9937945,-1.6697456,-0.9049857,-1.1899514,0.9328202
2.0768914,-0.9182117,0.89935434,1.8078523,0.8489915,-1.6078192
-0.08464682,0.3029515,1.0837296,-0.12679699,0.7207913,0.16393745
0.22596295,0.8150744,1.7066461,0.20028494,1.0947282,0.08625373
0.89460677,0.04998393,-0.8098836,0.838303,-0.3936317,-0.580332
1.29893,-2.0480096,0.111208566,1.1729963,0.27528697,-1.5202336
-0.11030359,0.72967565,-0.5698531,-0.017518895,-0.4671207,0.27571285
0.15695892,1.0096861,-0.58364093,0.22918637,-0.40205896,0.18234062
0.47503275,0.13156351,-1.2329333,0.40574574,-0.79821134,-0.23916024
-1.1314312,0.12114333,-2.2180727,-0.98198694,-1.5163924,0.7403195
0.03252738,1.197149,0.5612054,0.019051878,0.36968458,0.39821234
1.1992391,-1.281943,0.063122876,1.0751264,0.23307374,-1.2233671
-0.635185,1.6770941,-1.0024965,-0.5195039,-0.7366507,0.92261493
1.3439977,-1.8363465,0.72727865,1.2336297,0.59774554,-1.4925091
-1.2976779,0.79978585,0.36722806,-1.1472127,-0.034549028,1.1136497
0.8575875,-0.5355926,-0.088157505,0.77532524,0.09272495,-0.7750871
-0.4444642,0.2582903,0.97405976,-0.39809936,0.5931937,0.3804501
1.1219895,0.9415023,0.2907566,0.9813477,0.3243659,-0.4242513
-2.3106525,1.9854826,0.3159582,-2.0112414,-0.17777662,2.0942082
-0.44653004,1.1564251,-0.77916443,-0.3420495,-0.6327288,0.6411043
0.09046565,-1.806624,-0.32889423,0.014369471,-0.18013234,-0.59893405
-1.149442,-0.16129829,0.09405457,-1.050595,-0.2179987,0.7150107
-2.4341285,1.7449073,-0.010229855,-2.1116562,-0.46403658,2.0632644
1.1855856,-1.4547868,0.43111593,1.0655032,0.42732388,-1.2532126
0.020861335,-0.3584182,1.0070095,-0.025609838,0.69843197,-0.11789985
0.6220139,-0.5136129,-0.8718577,0.58111304,-0.4630419,-0.6151526
-0.6312239,1.3626276,0.19468388,-0.5454207,0.0031439215,0.8701793
-0.028789708,-0.37216967,-0.49440977,-0.028363558,-0.31379873,-0.11558518
0.07103298,0.3945369,0.45643115,0.057931557,0.3703521,0.0699552
-1.1957636,1.4905102,-1.6698624,-1.0674639,-1.1755986,1.2042513
-0.40312254,0.34888607,2.4126241,-0.31879425,1.3802482,0.31288064
1.6590108,-2.3912623,1.3083187,1.6094165,0.958495,-1.9251782
-0.56941247,-1.1524034,-0.17047276,-0.4378681,-0.16987701,-0.06783378
0.41446203,-0.7234755,-1.9999573,0.33588925,-1.1480283,-0.49690726
1.1542337,1.465497,-0.7625071,0.8789837,-0.3468669,-0.1627035
-0.696027,0.39277497,0.5373915,-0.6078857,0.24417095,0.60207874
1.052765,-0.76642776,-0.06807707,0.95599025,0.13320415,-0.98417646
-0.33652198,1.0873687,1.2177486,-0.26193595,0.7163348,0.54613066
-0.601322,0.39843026,0.6442733,-0.5086363,0.35501474,0.53467035
-0.31634235,-0.5738387,0.64081687,-0.31121027,0.34820238,0.01711277
1.0445303,-0.775464,0.84026146,0.9466161,0.71179783,-0.9304696
-1.1449778,-0.012194144,0.35532328,-1.0396883,-0.0758325,0.75528383
-1.2133653,0.39615154,-1.5522146,-1.0935589,-1.1536733,0.90265214
1.337329,-1.0553454,0.559241,1.2026739,0.54611987,-1.214571
-0.81107,-0.66730815,1.0656264,-0.76460713,0.4727329,0.3424024
-0.3119563,0.11314143,-1.3125135,-0.2619205,-0.93431187,0.21384436
1.9762068,-1.3832383,1.0004789,1.7708882,0.8851062,-1.7237929
-0.6437346,-0.019386714,-0.91569453,-0.58121943,-0.7344093,0.4124437
-1.4086893,-0.8162277,1.6561682,-1.226291,0.6448456,0.67809904
-0.6591117,0.14161228,-1.2071056,-0.5863108,-0.90847385,0.45278972
-0.8681368,0.21564926,-0.0067764265,-0.8130303,-0.20889361,0.6700799
0.7275841,-0.6361289,0.9512882,0.6485154,0.75376165,-0.68626
-0.53753877,-0.068713985,0.7753148,-0.48683757,0.45286888,0.34822065
-0.7684485,1.0444609,-0.81699246,-0.65319014,-0.7052456,0.8223413
1.675453,-1.9989115,-0.22226484,1.478821,0.14078157,-1.7462165
1.0160905,0.17398122,0.43010557,0.90672594,0.42606562,-0.61179924
-1.1355419,0.30658537,-0.6047884,-1.0153848,-0.6229968,0.82763153
-0.055212613,-0.4504633,0.6357515,-0.08741772,0.42720562,-0.105591364
-0.0061874175,1.0193535,-1.862196,-0.0023483504,-1.138916,0.31928402
0.10954414,0.8145449,1.6941864,0.09780222,1.066013,0.15811664
2.5065136,-2.4714634,0.4477775,2.191464,0.61052424,-2.3871632
1.7551076,-2.4747858,-0.57207,1.5023936,-0.054147974,-1.9394686
0.5517756,-1.2025703,-1.0984007,0.43291417,-0.5620863,-0.7344401
0.15431829,0.91112024,-0.4077541,0.23990773,-0.29483724,0.13135712
0.080211364,0.06248104,1.3505559,0.015967665,0.9086565,-0.00948742
-0.6953303,0.4341985,0.47012752,-0.60793644,0.19464906,0.6129837
-1.1654552,1.0786428,-0.083180875,-1.0194569,-0.31433618,1.0938822
0.23026021,0.26507705,-0.20251818,0.28004968,-0.10156283,-0.14278091
-0.9599153,-0.6425646,0.3461251,-0.8598232,-0.007243231,0.41564292
0.3826306,-0.3970483,-0.0046630986,0.31324345,0.08067852,-0.37137052
-0.6671777,0.18960753,-0.40974945,-0.61884964,-0.41950417,0.51461
1.0886453,0.47748715,-0.9306018,0.9926547,-0.4125738,-0.54916495
-0.14080513,0.09654719,-1.7018126,-0.14435743,-1.1404407,0.12818384
1.6628838,-1.9247307,-0.5030382,1.4731584,-0.028518155,-1.7265776
-0.24276543,-0.8321438,0.6256549,-0.24009697,0.31966865,-0.13344197
-0.9799874,1.7069834,0.49871174,-0.8938468,0.15201344,1.2461224
1.3752229,0.20081635,0.25356543,1.1962714,0.33617705,-0.7991375
0.8370293,-0.35642073,0.32996166,0.7382239,0.36798978,-0.65949446
-0.2913986,1.4016026,0.6552214,-0.292508,0.3795823,0.71250165
0.11269816,-1.131503,0.050610013,-0.025360944,0.06367125,-0.3913061
0.76962155,1.1129372,1.2962656,0.61819893,0.9455195,-0.14595331
0.8122663,-0.5758393,0.64216864,0.710431,0.5740196,-0.6978345
-1.2102895,0.5925634,0.5191184,-1.0744622,0.0844727,0.9995481
1.1845442,-0.81325686,0.49033183,1.0645418,0.49257421,-1.0401703
-0.061551232,1.6139129,0.6166424,-0.11535166,0.38066864,0.6483588
-0.80246353,0.29966414,0.4776288,-0.7224087,0.15892097,0.6485834
-0.72077143,0.3181828,-1.4947221,-0.65063226,-1.0775642,0.5541746
-0.2658042,-0.04172873,-0.30491897,-0.22962175,-0.24638058,0.14296123
-0.81396616,-0.18792303,-0.663482,-0.7924312,-0.576023,0.51633006
0.17071666,-1.1759439,1.7350363,0.2426079,1.0761642,-0.5622433
-2.2897353,-0.24100392,0.6541157,-1.8606023,-0.18156044,1.3532041
-0.09807354,1.4503905,0.827121,-0.12522587,0.5191385,0.5837978
-1.6106913,2.0547721,-0.17738454,-1.3925197,-0.41204584,1.6804565
-0.83076024,2.8181481,1.0636252,-0.8978662,0.55546093,1.6638293
-0.01662344,0.37025315,0.2007872,0.031028023,0.16222349,0.084730536
0.7121616,0.19561623,-0.58827025,0.66175663,-0.2992605,-0.40646228
1.3376889,0.2456069,0.82711124,1.1891402,0.7302808,-0.7841372
-1.4151275,1.4566373,1.5445131,-1.2594044,0.64449906,1.3996829
-1.6879902,-0.16438259,-0.109419785,-1.4312344,-0.4178623,1.0224916
0.013869767,0.86688745,-0.38377383,0.11076988,-0.3094443,0.21774262
0.18957911,-1.1312888,0.5283023,0.1414897,0.34983587,-0.47886217
-0.21483034,1.0968558,-0.4338586,-0.11024466,-0.39358628,0.4627006
-0.5724198,-0.97000194,2.0152135,-0.5012356,1.1302265,0.068318635
2.074939,-0.04132613,0.69882846,1.768302,0.7324932,-1.3099428
-0.7133709,0.29441342,0.6164789,-0.6282038,0.29191816,0.58371085
-0.5308013,0.5930689,-0.29873052,-0.4567953,-0.35229123,0.5443104
1.1513999,-1.2444596,-0.68247026,1.0298837,-0.23577504,-1.1968508
-0.99517727,-1.873868,0.55420566,-0.74589723,0.022614717,0.025604054
-0.17079072,-0.060579658,-0.8605416,-0.13546953,-0.6443043,0.072883666
0.10852938,-1.3241185,-2.5282829,0.17103632,-1.4099809,-0.5198289
0.27157122,-0.12774582,1.7614788,0.22237627,1.1793232,-0.2181109
0.5235689,-0.7755751,0.06387557,0.4574818,0.15169188,-0.58742607
1.5928543,-1.4789566,1.4311426,1.5005835,1.0998,-1.5601496
-1.2303522,0.07793686,-1.410316,-1.0960389,-1.0671337,0.82215667
1.8169565,-0.64695024,-0.2939202,1.6023794,0.056724787,-1.4185823
-1.0455537,1.2745663,0.3712586,-0.9117988,0.06585182,1.1029187
0.14410822,0.6132925,-0.04779879,0.21433948,-0.028568462,0.03000322
-0.5694558,2.2731507,0.5106596,-0.6019055,0.2284457,1.2501996
1.2527031,0.44456592,2.2969968,1.1345826,1.5966802,-0.7361733
-0.5360264,0.6868216,0.7474808,-0.45580432,0.4109463,0.591324
-1.3562999,2.1064906,0.0743544,-1.2042727,-0.20855172,1.5839947
1.1462408,-0.12928064,1.7989571,1.0548159,1.324752,-0.8120737
2.3797567,-1.8473693,-0.69697464,2.117989,-0.09942196,-2.204743
-1.5862596,0.78668505,-0.18131873,-1.4072187,-0.43259078,1.2802987
-0.29358995,-1.3266947,1.5306841,-0.18311848,0.8307979,-0.30081677
-0.7416974,0.90585214,-0.52782506,-0.6398743,-0.52712643,0.77611756
0.8223012,-0.5301399,-0.7874805,0.77961934,-0.37748086,-0.7662605
-0.16767786,0.70646906,-0.37244695,-0.0768071,-0.3325631,0.3077204
1.1763535,-0.9860037,0.7556946,1.0757713,0.65939873,-1.0955025
-1.4060626,0.6784516,-2.3241084,-1.2475821,-1.6099386,1.0716556
0.30886507,-0.49487567,-1.4560512,0.23824562,-0.8869643,-0.35309184
-1.60107,0.5978721,1.7148093,-1.3367774,0.73345137,1.1797143
1.0717547,0.75152355,-1.0694814,0.9696287,-0.50825727,-0.42946738
-0.035661686,0.008326773,-0.721284,-0.011726545,-0.544001,0.009960249
2.277835,-2.2535267,-2.795625,1.9357202,-1.1961071,-2.1739187
-2.81269,2.1358058,-1.2030804,-2.4479067,-1.163748,2.4020076
-0.55759245,-0.052994918,-0.850397,-0.49951616,-0.6798066,0.34356642
-1.1500458,0.41410893,0.21497779,-1.0368104,-0.14297657,0.8897942
0.24202639,0.052559495,-0.04059221,0.2788467,0.03788788,-0.22293687
0.8507428,-1.323124,-0.22848158,0.7278944,0.041273713,-0.99237096
0.4138632,-1.5642273,-1.7872015,0.37543502,-0.9263207,-0.7669279
0.92491025,-1.0899765,0.94225156,0.8408473,0.75263774,-0.96365803
-0.26625717,-0.28855592,1.2201248,-0.2900199,0.79056966,0.097681314
-1.7845985,0.19584852,1.38079,-1.5135612,0.47497392,1.21626
0.7122923,-0.2300355,-0.76099557,0.68764704,-0.39703923,-0.58403385
-0.70375365,0.15294458,0.47345322,-0.6404339,0.18200423,0.5385109
0.6179675,0.64186066,0.49783984,0.58678293,0.41765136,-0.24241987
-1.7204888,0.1769014,0.5126165,-1.4984062,-0.09319027,1.141024
-1.1169724,0.1343147,-1.6735594,-0.9976409,-1.2041657,0.7578833
2.1576161,-2.1884253,1.0291548,1.9585862,0.89914227,-2.1100802
0.3779227,0.073985435,0.4505165,0.33194903,0.39923978,-0.24544887
-0.9950814,1.7007477,-0.84322417,-0.84384465,-0.7311106,1.1652311
-0.27741808,0.51139075,-0.48634917,-0.19601242,-0.4394282,0.3306583
-0.6786019,1.2183365,-0.8940146,-0.5667969,-0.73000014,0.8110596
-1.8270646,2.2448883,1.6961077,-1.6834217,0.64802164,1.9422697
1.9778991,-1.1979237,-1.2245206,1.815618,-0.458894,-1.7858644
1.0829545,0.28524995,1.2002438,0.99361354,0.9325469,-0.6372013
-1.3072991,1.2741659,1.2936672,-1.1439557,0.5341275,1.2677919
0.28817302,-0.5808763,-0.045795374,0.2046671,0.04880491,-0.3552161
1.297356,-0.85659826,2.894017,1.2833211,1.9314083,-1.2014564
1.0849661,-1.3546075,-0.7815927,0.93751633,-0.31126535,-1.1615709
1.1073166,-1.906885,0.39778453,1.0178179,0.39242816,-1.3611491
0.14823593,2.466291,-2.491042,0.03404893,-1.2499285,0.73678637
-0.15827306,-0.4126967,-0.0919166,-0.13567978,-0.037933514,-0.06532821
2.2381115,-1.4472592,1.4104171,2.016831,1.1732087,-1.917182
-1.1517916,2.0863583,0.89635336,-1.1157808,0.3683067,1.5267807
1.5323154,-0.8531792,-0.23866777,1.3803251,0.06897186,-1.3247055
-1.0367085,-0.83691037,0.4456705,-0.8884482,0.02702371,0.40175027
-0.70430136,0.14533915,-0.99005955,-0.63262075,-0.7967676,0.49829435
-1.0817089,3.021839,0.8187492,-1.1366291,0.3470875,1.9024495
1.3566355,-0.5797146,-0.07350946,1.2180682,0.15281235,-1.1062105
-1.3381945,1.7419865,1.4441024,-1.221667,0.60955477,1.4556936
1.5603004,-2.3675206,0.30032524,1.4017638,0.40260655,-1.7862834
1.271074,0.0759123,-0.15425153,1.1204292,0.047854796,-0.787342
-0.93020725,0.07883851,-0.080670804,-0.8720629,-0.26350743,0.6670487
-0.39268923,-1.0795656,2.6035736,-0.29600567,1.4732387,-0.09245509
-0.6714592,0.4575991,-0.35750479,-0.5982719,-0.40209728,0.5908993
-1.3061928,-0.30071956,1.3994309,-1.1272156,0.6031425,0.75835854
-0.04443414,-0.28243104,-0.09368151,-0.00710492,-0.013892025,-0.11596465
-0.072589636,-0.08877894,1.1973608,-0.13419741,0.7999562,0.0480828
-2.00472,1.7966672,0.4038242,-1.746782,-0.06298347,1.8524021
1.1583275,-1.5927794,1.1557114,1.114227,0.86486864,-1.3236939
0.96182805,0.24879546,-0.14245653,0.84180576,0.016493946,-0.5266837
1.1297287,-1.7939472,2.32633,1.1576862,1.5116764,-1.3858606
-0.8411916,1.9328158,-0.24415542,-0.73643106,-0.353042,1.1946185
-0.33618942,0.1770317,-0.0144185815,-0.31096923,-0.06964804,0.29234803
-0.36126488,0.17454793,-2.0937104,-0.34838083,-1.381177,0.2825142
0.09547271,-1.1817102,1.0414374,0.15465805,0.63144493,-0.510764
0.09603101,-0.82706064,0.5579583,0.04104133,0.36297435,-0.32124096
0.36626175,0.19561088,0.69512916,0.30644643,0.55158,-0.18312198
-0.700377,1.431314,-1.2649757,-0.5838333,-0.8911575,0.8747421
0.19546515,0.32310393,2.1485622,0.17477538,1.3659301,-0.048805326
0.55230176,-0.020504596,0.9202812,0.48911005,0.7167903,-0.3820141
-1.7215531,1.4200897,-0.9454594,-1.5174912,-0.9059166,1.5457618
-0.6016484,0.35160512,-0.9454607,-0.5215765,-0.76532465,0.49905097
-0.8407355,0.69552016,0.46399033,-0.7203344,0.16133906,0.78111964
0.07058256,-0.13169192,-0.17918092,0.123004556,-0.07691325,-0.15586042
-1.1217612,0.18615828,1.0010334,-0.9746081,0.44761825,0.79302394
0.38455373,0.7854698,-1.5901254,0.36652315,-0.9622047,0.0045778155
-0.4165334,0.055823088,-1.285873,-0.3551818,-0.92484975,0.25556356
1.1372349,-0.51940405,0.85148853,1.0212294,0.73242044,-0.90296674
-0.49720538,0.13524838,2.05582,-0.43435317,1.1795776,0.33153543
-1.620483,0.6451407,0.76684934,-1.4185853,0.15040873,1.2629148
0.6839491,0.6383586,-0.44773325,0.61252385,-0.21363507,-0.22260422
1.2641814,-0.9577542,1.7063758,1.1722275,1.2638116,-1.1579168
1.7988973,-0.63629186,0.4121416,1.5523044,0.5043473,-1.3490913
1.0473888,-1.1320572,-0.40732002,0.95009315,-0.05795203,-1.0986791
1.25951,0.6937549,1.1741861,1.1070411,0.9283305,-0.61832386
0.6035523,0.83807135,0.21962631,0.58211946,0.217642,-0.17960091
0.6563781,-0.046675537,-0.37460935,0.6017166,-0.1399528,-0.47594392
1.0575705,-0.39213604,-0.21890478,0.96009314,0.0233128,-0.867375
1.3562503,-0.7554503,-0.20632045,1.2281071,0.072089195,-1.1822162
0.01563628,-0.007842322,0.06368427,0.078669116,0.0827234,-0.094316095
-2.4260423,2.227984,-0.90697575,-2.109282,-0.9858949,2.2112904
-0.15618494,-0.6848263,-0.6245572,-0.19605772,-0.4080978,-0.09890026
0.3414845,-0.19106044,-0.4377431,0.3404752,-0.2230701,-0.32760245
0.36269394,-0.65728873,-0.86620915,0.3116392,-0.49649692,-0.46130884
-0.23642126,-0.83259594,0.49943668,-0.24190737,0.24913105,-0.12905495
-0.24819432,-0.14856414,1.451489,-0.27889186,0.9164839,0.1305654
0.3471706,0.3665619,0.649744,0.29482782,0.51996565,-0.123595536
0.34853834,-0.3420536,0.05762461,0.27817684,0.11766064,-0.32902074
0.53903073,-0.52436095,0.6845908,0.4616999,0.56850344,-0.5166856
0.925851,-1.617684,-0.53954947,0.74206454,-0.14560796,-1.1100577
-1.8005382,0.048279222,-0.68149877,-1.5142565,-0.7348681,1.1514951
-0.21642521,0.0066305413,0.21262185,-0.17914675,0.13176756,0.12445612
0.4988696,-0.16721359,-0.7873248,0.47119126,-0.46631706,-0.40195212
-0.15257382,0.24000405,-0.1719968,-0.0802145,-0.15529068,0.1340785
0.44166562,-0.5292925,-0.67269313,0.4148857,-0.3480355,-0.49531198
-1.0193843,0.8829046,1.860077,-0.8719572,0.94749385,0.9007977
0.27372944,2.0889645,0.5391969,0.117917076,0.39126933,0.6105048
0.4427445,-0.17305398,0.31492183,0.37221506,0.31371927,-0.34501195
0.75591886,-0.4058155,-0.100012295,0.67728114,0.066622436,-0.65743405
-1.2124484,0.073415674,-0.45101678,-1.0988209,-0.5272817,0.8101451
0.6542188,-0.74404687,0.8841233,0.5731778,0.7018894,-0.6673845
-2.6419213,1.3841002,-0.47235706,-2.2739897,-0.755991,2.074821
2.1326947,-0.87782276,-1.4096905,1.9884367,-0.52211714,-1.7828587
-1.3237126,0.42567134,0.026736612,-1.1814641,-0.28046036,0.9941175
0.46146145,-0.08144511,-0.4579704,0.45838004,-0.22483145,-0.3730671
-0.25459176,-0.08016969,-0.47632092,-0.21362433,-0.37642443,0.12045975
-1.9554143,2.0031266,0.59235877,-1.7277347,0.06889252,1.9248651
-1.2700388,0.7300292,0.6680389,-1.1088411,0.18406017,1.0723218
-0.25197396,0.15706044,-0.22853878,-0.19447069,-0.21043088,0.18932906
-1.5654405,1.8851491,-1.7573555,-1.4042456,-1.2557054,1.5627102
1.0653757,-0.35858864,0.09458275,0.95622927,0.22486877,-0.8338146
1.2490792,-0.93640924,2.7130156,1.2322494,1.8203633,-1.1908438
-0.5238146,-0.1821533,-0.5331247,-0.50675404,-0.44330376,0.3043124
1.9165666,-1.5232645,-2.9768631,1.699041,-1.3318522,-1.7262336
-0.3018182,0.17940088,0.006356997,-0.2722771,-0.045961484,0.2632775
-0.730056,0.9874336,0.95120645,-0.6367492,0.46708435,0.81524235
0.55146444,0.8808472,0.7593074,0.47345936,0.59026337,-0.086437464
-0.27127036,-0.86949134,-0.65873295,-0.27773756,-0.426297,-0.0971266
0.5730649,-0.9636876,0.2079015,0.51010734,0.23507643,-0.6867694
1.4184031,-1.1070739,2.7003686,1.3805718,1.8261355,-1.3426571
1.4899997,-1.5684904,-2.1580496,1.2861978,-0.98585284,-1.4762484
-1.6388402,2.141063,-1.2352557,-1.4503896,-1.0075779,1.7083472
-0.43474925,1.2725937,0.0874166,-0.34397084,-0.04325272,0.69267404
0.62805533,-0.6054178,0.027316213,0.5540374,0.14353806,-0.61734253
2.298848,-1.003848,0.5008001,1.9576665,0.6158419,-1.7627484
-0.84787565,-0.049601875,0.27776524,-0.78049415,-0.031060144,0.55518806
-1.8226552,2.553354,-0.6655824,-1.5811057,-0.7500091,1.9610018
-0.3888274,0.2716042,2.6512806,-0.2855034,1.5077846,0.27226064
-1.040869,0.25608024,0.13479263,-0.9535756,-0.16778891,0.78005725
0.26237357,0.1504376,0.8795492,0.18649669,0.65646,-0.10794422
-0.90801793,0.5804673,0.86513865,-0.7771898,0.41208172,0.78559583
0.27619156,-0.011198411,1.361505,0.21136753,0.9460536,-0.177424
-1.1435493,0.58053637,1.7089086,-0.9594463,0.84666455,0.881535
-1.0729569,1.1772625,-1.5711386,-0.9710684,-1.1343124,1.0398562
-1.6969224,0.97604525,0.22992952,-1.4884984,-0.19994341,1.4023824
0.9077049,-0.56631494,-0.6464658,0.8542061,-0.2750824,-0.8346626
-0.7860167,1.5955042,-0.59345716,-0.6436002,-0.57998693,1.0047106
-0.50987196,1.7332327,1.100433,-0.49449348,0.6049454,0.9680208
-0.036538683,-1.1747737,-1.2080832,-0.056695983,-0.70507944,-0.3360814
-0.2378324,1.540971,0.6306766,-0.2604861,0.36437684,0.73601216
0.4486804,-0.6793747,-1.5083253,0.36548144,-0.87503636,-0.51227665
1.7015477,-1.0518477,-0.9731194,1.5605183,-0.35253847,-1.5524113
0.159453,0.23476821,-0.80946106,0.16473703,-0.5795168,-0.022386014
-1.3311203,0.068764195,1.4615688,-1.1050129,0.67957604,0.8504895
0.3430212,-0.7303609,0.62369025,0.26554134,0.47445613,-0.4456883
-0.016591307,-0.7997642,0.35896155,-0.069407895,0.22779322,-0.23445043
-1.1053725,0.5468857,0.8055954,-0.9574743,0.3257286,0.90329325
0.6642638,-1.1446066,0.97098356,0.59174186,0.74067414,-0.80940676
1.4561521,-0.48851496,-0.040294193,1.2906513,0.17354865,-1.128065
-0.596659,0.2904039,-1.0243235,-0.5201301,-0.80654085,0.47162974
0.41320345,-1.4529763,1.4393151,0.4701445,0.9377592,-0.81537247
-0.881201,0.12526996,-1.7901769,-0.78197044,-1.2544818,0.5804093
1.3517361,-1.6526827,-0.28856334,1.2054186,0.06638451,-1.4375697
0.10727655,-0.17030156,1.0083044,0.043956377,0.71109045,-0.10842087
1.4679441,0.81828725,1.0522102,1.261406,0.88324296,-0.68259335
-0.2165127,0.6195543,0.4097509,-0.18387862,0.26775977,0.35493183
0.796812,-0.27267337,0.30631882,0.69467545,0.3483932,-0.5992645
-1.3317469,0.9742064,0.5688157,-1.159489,0.1148998,1.193752
-0.3814329,0.91887325,-0.05395799,-0.2777602,-0.13641594,0.52033246
-0.7200938,-1.0163252,0.9743737,-0.68632466,0.37091154,0.14759898
2.4879444,-1.1253917,0.23669344,2.1198876,0.43875623,-1.9360982
0.3370176,0.31699312,0.5942845,0.29196802,0.48564655,-0.13949917
1.686049,-1.8078837,-0.014617683,1.4932392,0.25453714,-1.69377
0.021814814,0.66893387,0.5194717,0.017278431,0.3739807,0.2089231
-1.7340536,0.38677838,0.30977345,-1.5043766,-0.21182735,1.2038264
-3.4041135,2.0344489,-0.07524566,-2.8797565,-0.6129597,2.6584225
0.24079213,-0.41374928,0.767199,0.18860342,0.5869747,-0.29586655
-0.69490415,2.486258,1.2554345,-0.7494612,0.6729648,1.4240018
1.4293408,-1.6977398,-0.28336766,1.2710629,0.07764611,-1.5013202
1.0993615,-0.47445545,0.98824507,0.99979025,0.81368345,-0.8756474
-1.3973637,0.4483314,0.66425955,-1.2400436,0.12900989,1.0694927
-0.1527792,0.4686765,1.049299,-0.17209902,0.6717044,0.26570392
-1.4252875,0.65471923,1.5415257,-1.2031112,0.6876005,1.0977899
-2.4980721,3.1786234,1.7933902,-2.3686018,0.58648366,2.7551246
-0.59446055,1.8044977,0.64678055,-0.5869039,0.31557155,1.0744857
0.23143527,0.642503,-0.7325462,0.26736498,-0.49168706,0.04355119
-2.3372478,0.5396167,1.3784059,-1.9549251,0.32028037,1.6609739
-0.25237516,0.67487425,-0.28322077,-0.16550307,-0.2841385,0.36013347
0.7630896,0.063486055,0.6366021,0.6783584,0.5602381,-0.48195034
-1.204702,1.4603066,-1.4684991,-1.0757743,-1.0845864,1.2117307
-2.367606,2.718095,0.5947537,-2.1098423,0.007181272,2.4394293
-0.51207745,0.16458835,-0.29252315,-0.48905498,-0.31672943,0.41930854
-1.0257374,1.1714957,0.19058707,-0.8961027,-0.0756693,1.0505341
0.15801239,-0.40908465,-0.066109896,0.13724238,0.02927468,-0.25471708
-1.053565,0.5704362,0.9383995,-0.9025269,0.42785215,0.87151694
-0.2891334,0.15769964,-1.0665022,-0.21957572,-0.7930647,0.20539832
-0.5846862,0.57741165,-0.15175192,-0.5165482,-0.25567776,0.5781993
0.14746287,-0.117986254,-0.33209953,0.18426998,-0.18546031,-0.19076975
-0.83618265,0.7335018,-1.4139305,-0.7576621,-1.0403409,0.7629366
0.52111506,0.11843042,-1.804564,0.45848316,-1.1080074,-0.2781527
0.31765983,-0.7009286,1.0639117,0.28787366,0.7667811,-0.46173847
-1.930843,1.0934815,-0.5182023,-1.694344,-0.70259625,1.5761254
-0.046051122,0.45307693,-0.61932856,0.03190659,-0.48265254,0.14379585
0.21996656,0.2405581,-0.35727376,0.26543185,-0.21362095,-0.117412895
-0.3576298,0.5195194,-0.9465358,-0.28684622,-0.729514,0.38908276
1.2627039,-1.9400259,-0.90031844,1.0479971,-0.35767478,-1.4424634
-0.04023995,0.54227614,0.7034428,-0.05868499,0.4953742,0.21678406
1.0373857,-1.9759618,-0.12222187,0.89838105,0.10846626,-1.3232632
0.008634012,-0.49176976,1.5114123,-0.006740423,0.9796341,-0.16180512
-0.6176459,1.5560955,0.3931518,-0.5712599,0.13734488,0.9626545
-1.9320008,1.0171295,-0.9803135,-1.6867464,-0.96093583,1.5419967
0.68395936,-1.9988043,-0.42657834,0.52820736,-0.13654365,-1.0530602
-0.3482171,1.1339825,-1.2269369,-0.28153878,-0.826499,0.5775593
-0.14761451,0.6215069,-0.791523,-0.07883489,-0.6082827,0.28070468
0.054007247,0.35882604,-0.19605826,0.15104769,-0.1431566,-0.0053994134
0.373526,-0.81395936,0.30746934,0.29984918,0.26223198,-0.4879583
-0.7831861,-0.9932194,-0.4669479,-0.62036765,-0.38569492,0.13856728
0.51270753,1.0489972,0.15161745,0.46849918,0.14713527,-0.0077843294
-2.2640429,1.4217147,0.51941836,-1.9507049,-0.0809149,1.8857027
-0.22645971,0.59841955,0.42555287,-0.19597736,0.2816347,0.35784748
-0.7012829,1.0515513,0.6116063,-0.6007269,0.29299867,0.8137493
-0.86447614,0.0129982745,-0.79053175,-0.81384164,-0.6832074,0.59486145
-1.1600437,0.50804174,0.2276368,-1.0425838,-0.12880678,0.92836475
0.3257839,1.2029462,-1.4775378,0.2666234,-0.84605026,0.22394729
-0.635281,0.116670236,-0.84687936,-0.56662726,-0.7043042,0.45002055
-0.88332856,0.00684195,1.8205495,-0.78781503,0.959646,0.56569815
1.6572974,-0.3308716,-2.2962072,1.5042386,-1.1157002,-1.1589129
-0.00104313,0.6381934,-0.0014597403,0.073902994,-0.016008303,0.15247071
0.3499891,1.233538,0.68513495,0.31937638,0.5320454,0.14887053
1.2411317,-1.0935924,1.1628975,1.1527337,0.92096955,-1.1866485
-1.8209418,1.0818694,-0.85142463,-1.5953906,-0.87694013,1.5019369
-0.018246999,0.34247968,-0.37205467,0.07730241,-0.28412646,0.061836034
0.20070107,-0.0039079185,-0.7430932,0.19614752,-0.51108015,-0.14102915
0.5674463,-0.8601961,1.5872141,0.5576441,1.0908613,-0.6988769
-0.33524457,1.0075166,0.7807974,-0.30470893,0.45159906,0.5740678
0.1331159,0.9222175,0.11911899,0.16201524,0.06810823,0.18971777
-1.2822539,1.3495407,-0.56118286,-1.1233721,-0.6296903,1.2576839
0.8180114,-1.8572679,-1.2971907,0.64919174,-0.6128802,-1.0728341
-2.7918181,2.0453663,-0.08917558,-2.4004252,-0.553254,2.3464956
-0.5357476,-0.81480163,1.1438937,-0.51377624,0.5955059,0.08949569
-0.41472208,-0.025807345,-0.6448633,-0.3690685,-0.5253591,0.25783724
1.0904356,-0.1774463,0.986245,0.9895877,0.809692,-0.77658427
0.95989496,-0.5538566,-0.18933034,0.8770461,0.040402323,-0.864053
1.3626611,-2.7556744,0.82130754,1.3156476,0.5731527,-1.8353993
-0.68384427,0.28279096,-1.4126315,-0.61287016,-1.0258088,0.5180018
-1.6574156,0.9286363,0.90083367,-1.434928,0.2532282,1.3732443
-1.3469315,0.71244675,0.7370963,-1.1739397,0.21096157,1.1128201
-0.02529969,-0.93468827,1.3216654,0.032327607,0.8318571,-0.33323458
0.8147885,-1.6030589,-2.0970488,0.72694093,-1.0453918,-1.050345
-0.20057489,0.13148361,-1.2178528,-0.16753541,-0.8693906,0.15941006
1.5743935,-0.13539234,0.7060789,1.3530416,0.6910769,-1.021607
-0.5004079,-0.9278217,0.4346871,-0.46685326,0.15652242,-0.004759401
1.3185333,-1.0434755,0.9117105,1.2082183,0.7716109,-1.2073909
2.1505997,-1.9511715,-1.4190035,1.9007313,-0.52099454,-2.084927
0.42862305,-1.3027462,-0.4625928,0.2572626,-0.17989157,-0.64476013
1.5497054,-1.5133477,0.8319525,1.4170022,0.728778,-1.5115498
1.7947911,-1.8066279,1.0775963,1.6543328,0.89589226,-1.777703
-1.0324428,0.09435029,2.5790548,-0.8988321,1.3202282,0.66266847
-0.30142614,-0.34544536,-1.317766,-0.30195704,-0.90169024,0.08171028
-0.7002472,-0.88780206,-1.3029927,-0.5685783,-0.8745668,0.15717643
-0.5863697,-0.6398753,-0.3786671,-0.55171114,-0.3219809,0.17322743
-1.3612117,1.711874,0.529063,-1.2254796,0.10413711,1.4847516
-1.0585071,-0.35976443,1.069615,-0.9302169,0.45507652,0.5736903
-0.15963425,0.62901944,0.46463713,-0.1485678,0.31290632,0.33067185
0.54784745,-0.14816408,0.64001215,0.473405,0.547606,-0.40607375
-0.42682412,-0.8255148,-0.9245464,-0.37528366,-0.6257106,0.010534167
-0.13845162,0.29543352,0.5357589,-0.1328038,0.39892244,0.1927926
1.1056037,-0.48240015,-0.98627293,1.0344146,-0.4570402,-0.9422273
0.7652704,-0.45332244,0.13853014,0.67100877,0.2216585,-0.6557739
-1.110603,-0.6043072,0.066565104,-0.97759944,-0.19959517,0.5333504
0.7145998,-1.6629195,-1.336304,0.56304586,-0.654313,-0.9535432
0.59358716,-0.78672904,-0.1156686,0.51369625,0.06318047,-0.6490184
1.218423,-0.33742547,-0.50598973,1.1105208,-0.15132155,-0.96215796
0.81798273,1.1832846,1.9437014,0.6834946,1.3171556,-0.20504221
0.124942444,1.2480242,-1.2855132,0.11184831,-0.75968325,0.3491325
-1.0315213,1.597094,0.025754482,-0.8986789,-0.18734206,1.1962821
-1.2756999,-0.18555187,0.051664274,-1.1463503,-0.26598817,0.7813483
-1.2863767,-0.12414778,0.42992377,-1.1543894,-0.06589703,0.79962623
-1.1667523,1.0391966,-1.4462436,-1.0474783,-1.0911123,1.0556071
0.020846823,0.18878315,-1.3688476,0.0023248326,-0.93979526,0.058369756
-0.73602015,0.108231455,0.5009547,-0.6671702,0.19104591,0.54274243
-1.3837172,0.74123234,-0.3608928,-1.2217703,-0.5161262,1.1304173
-1.2456065,0.78599143,0.9541865,-1.0706637,0.38555658,1.0667719
0.768694,0.5436212,-0.7937901,0.70725673,-0.4068731,-0.30824685
0.11184983,0.45268703,0.11410298,0.17191812,0.10136023,-0.0011700317
-1.1501042,0.8371696,-0.20243469,-1.0124946,-0.38487208,1.0148596
0.4142336,-0.9793941,-0.16004002,0.27699226,-0.001309529,-0.5514883
0.23478256,1.2384357,0.34668288,0.20135972,0.23781817,0.27248222
-0.9996126,-0.40839696,0.5433855,-0.889348,0.09287241,0.50761294
-0.3573214,-0.4331733,-1.0823088,-0.34066743,-0.7607232,0.08793947
-1.1007416,-0.5101943,-1.9644498,-0.9177072,-1.3258841,0.5338019
0.32123518,0.19558376,0.93955404,0.2472737,0.69960386,-0.13642763
0.017643893,0.17294876,-0.3879035,0.09117341,-0.27613378,-0.018033609
-0.9047378,0.62056667,-0.5612667,-0.79639035,-0.56601864,0.78933007
0.9183416,-0.50289196,0.24821204,0.81986076,0.31985623,-0.77330416
0.16886312,-0.06902979,1.0720246,0.102365285,0.75889975,-0.11857826
1.5635372,-0.21829121,0.81887525,1.3585383,0.7617913,-1.0506815
0.5878829,-0.7714332,-0.5861649,0.50523126,-0.26188082,-0.64330935
-0.6390767,0.2810277,0.22682805,-0.5839452,0.010007843,0.53047645
-0.40358168,-0.54738784,0.56902975,-0.38909858,0.27397108,0.08582929
-0.8635758,1.8231889,0.024672069,-0.78887784,-0.18743633,1.1997331
0.17489496,-0.5463478,0.40189797,0.10104512,0.29436022,-0.27664113
1.7266616,-1.1035278,-1.6311938,1.5529993,-0.69685507,-1.5254434
-0.93450534,-0.3385046,0.25496802,-0.8597767,-0.067765325,0.51576585
1.6565102,-1.528675,0.6055684,1.4893174,0.5948416,-1.5713662
0.5467653,-1.0938349,-0.032295443,0.45176536,0.10215896,-0.7055535
1.2728708,-0.8817199,0.2629373,1.1382478,0.35754615,-1.1283976
2.7299838,-0.9484742,0.0033837634,2.3245645,0.2989576,-2.0421414
-0.039804265,1.6378692,-1.1264932,0.010281486,-0.6783577,0.53744346
0.02144632,-0.47249547,-1.0573453,-0.022048073,-0.697359,-0.15683606
0.22142988,0.4305137,0.5254382,0.19771387,0.42977566,-0.028345183
0.70994097,0.18170893,1.0125556,0.645582,0.7815435,-0.43041104
-1.170117,0.64638627,-0.3217067,-1.0370713,-0.4571718,0.9678769
-0.46319425,-0.44081494,0.022485284,-0.4256964,-0.059000522,0.14260185
-1.2097235,0.6413196,-1.2380431,-1.0900317,-0.99000347,0.9773178
-1.2958169,1.0434706,1.1235338,-1.112364,0.45250255,1.175502
-0.63559604,1.045771,0.28642207,-0.53095454,0.08930005,0.7511205
-0.38908756,-0.415609,-0.39295927,-0.38861108,-0.3055582,0.12932886
-0.5348829,-0.34004658,0.063222535,-0.4948338,-0.063556984,0.23377326
-1.3023076,2.1089292,-0.77094656,-1.1303382,-0.7276802,1.5003043
2.0662086,-1.6056451,-1.0314932,1.8761964,-0.32689804,-1.9682386
0.85865283,-0.3104846,-0.06601329,0.76485705,0.09269541,-0.6869838
0.3169585,-1.0571574,-1.0999616,0.2175635,-0.61420715,-0.5271325
0.5266914,-0.36297727,-1.0403509,0.4624257,-0.6179764,-0.4727083
-1.1950904,0.97379553,-1.5283532,-1.0937076,-1.1362178,1.067711
-0.24545123,0.6437021,-0.48510048,-0.16006358,-0.43245208,0.3490708
0.2651327,0.41324478,-0.5798542,0.30215394,-0.38813972,-0.058002234
-0.5909314,0.96412927,-0.021135844,-0.4959106,-0.156072,0.69357777
-0.12678304,-0.05932461,-0.4391438,-0.073985845,-0.3244356,0.022687554
0.063096836,-1.0051651,0.13028723,-0.049999565,0.10683834,-0.3296942
0.1666181,-1.8193135,-0.21156931,0.0555076,-0.10331716,-0.6430328
-0.33362547,0.92532754,-0.33729506,-0.24129225,-0.3475812,0.4981559
1.209967,-1.2256175,-1.1510803,1.0661187,-0.50516576,-1.2212089
0.5206527,-1.6274145,0.01048784,0.43129677,0.10746527,-0.87861073
-0.42315793,0.20212752,1.1200131,-0.40333772,0.68001235,0.35472915
0.2634138,-0.528102,-0.45411015,0.23584583,-0.20680474,-0.3684076
1.0002229,0.36111814,0.4516823,0.8993635,0.43154627,-0.5362762
0.12690274,-1.3364196,1.046307,0.18819347,0.6221352,-0.5777635
-1.4643792,1.1501073,1.1564078,-1.2642399,0.43738478,1.3233579
-0.30475557,-0.25974134,0.98404545,-0.31422627,0.64536905,0.1323759
-0.06518081,0.6491528,-0.53151375,0.038248852,-0.42880678,0.20272115
-1.1078142,1.9595524,1.2460694,-1.0401614,0.5558896,1.4160559
-0.5222702,0.40633124,0.6484248,-0.4364627,0.3774491,0.4856881
-0.275613,1.3398507,0.7067929,-0.27386314,0.41407663,0.6741562
-0.5749338,-0.15909423,1.3060824,-0.5285465,0.77636397,0.32187617
-0.53424823,-0.70128924,-0.14081134,-0.49809653,-0.17320962,0.103150025
1.1069407,-1.4660431,-1.1667454,0.94083524,-0.5187834,-1.2016295
-0.7522071,-0.6804959,0.98997784,-0.71920556,0.4377151,0.3022849
-0.6515954,0.50887334,-1.2609497,-0.5742511,-0.9437945,0.5697635
-0.77564484,1.1276027,-0.2566374,-0.67637175,-0.36901152,0.8728372
-1.7985207,1.7364728,-1.2920806,-1.6139617,-1.087716,1.6865164
-0.2835477,-0.5523315,0.19402224,-0.25539532,0.093115054,-0.028495573
-0.6829405,-0.34221727,0.45726433,-0.612665,0.1416415,0.33273828
-1.3166391,0.12109731,2.2123806,-1.1286358,1.0525949,0.8603766
-0.8081968,1.2259816,-0.41136813,-0.6957315,-0.47305417,0.91829574
0.7703935,-0.10583592,1.1898342,0.69454724,0.9110011,-0.5517206
-2.2585654,1.2447963,0.1216868,-1.9567115,-0.3685956,1.8082067
-0.77459174,-1.3301305,-2.5331073,-0.52497435,-1.5285343,0.034570456
0.45985305,0.52936155,-0.6896233,0.44766176,-0.41811013,-0.11879572
0.9157578,-0.8632072,-0.8514426,0.8256384,-0.3910153,-0.9162215
0.41491964,0.65415835,0.2579354,0.4320078,0.23604554,-0.12847471
1.0549233,-1.7379776,-0.023988478,0.9324698,0.17661634,-1.2550483
-0.7190672,0.34945443,-1.3456434,-0.6475854,-0.9956392,0.57160175
-1.0523218,0.9192161,-0.33695123,-0.9273762,-0.44939125,0.9814367
-1.4026539,0.4766875,-0.93899053,-1.2280568,-0.86930776,1.0290544
1.3489462,-1.3018725,-1.6557817,1.1806006,-0.7487426,-1.3211814
-1.6683354,0.6035589,-0.3255283,-1.4802364,-0.5319434,1.2658802
-0.05574702,-0.16191523,0.31731695,-0.05489458,0.2270793,-0.037372712
0.2819832,0.7243818,-1.1256715,0.26428837,-0.7173759,0.07346147
1.3016001,-1.3338838,-2.1066668,1.1402533,-1.0003369,-1.2827257
0.40441403,-0.3802762,0.24383563,0.3285688,0.24039994,-0.3757841
-0.080120094,2.5417948,0.12201406,-0.18837579,0.03852226,1.0105504
-0.62680215,-0.062788166,-1.3842125,-0.55829936,-0.99506664,0.34764463
0.24615858,-0.08793502,0.21711035,0.23230708,0.21664424,-0.22685336
-0.84820306,-0.19080684,-1.0655482,-0.7742359,-0.83009964,0.5071039
0.40002936,0.83399165,-0.3361142,0.43354592,-0.20676546,-0.050577655
-0.7978999,1.7930131,1.8747265,-0.64466435,0.9766628,1.044237
-0.5518757,0.67354226,-0.35121197,-0.47216508,-0.38925946,0.5817274
0.46628422,0.13460888,-0.53699666,0.45886135,-0.29993063,-0.2776575
-0.16750222,0.6651207,-1.8800744,-0.13987397,-1.2269938,0.2836484
-0.042164773,-1.0358832,-0.86106455,-0.092931524,-0.51336145,-0.2801485
-0.98420525,-0.09708669,-1.5053825,-0.87462693,-1.0888196,0.5988883
-2.1967492,0.87921524,-0.466484,-1.907193,-0.69565296,1.6717867
0.8213522,1.0439262,-0.49751604,0.70538074,-0.25514615,-0.15945043
0.947951,-1.3612914,-0.9679338,0.795245,-0.43759084,-1.0552365
1.0320051,-0.24100786,0.48913166,0.9041496,0.49526668,-0.73724324
-0.41272745,0.9704826,-0.5052274,-0.31962055,-0.47650015,0.5723302
-1.1963726,2.236482,-0.43377846,-1.0356731,-0.5055883,1.4941747
-2.4729884,0.98178387,0.09518282,-2.1271262,-0.42832583,1.8459617
0.8657406,-0.9162434,-1.2781365,0.7852183,-0.6317637,-0.9024577
0.15923326,-1.8563708,0.6448229,0.15482071,0.34584588,-0.7132503
-0.17373422,-1.6658067,0.6142508,-0.18834612,0.27014974,-0.42288765
-1.8204359,0.54284483,0.9422014,-1.5799909,0.21193309,1.3468168
-1.8340677,0.8029721,-0.6086003,-1.611219,-0.7375805,1.421378
-0.30440456,-1.149156,0.9413966,-0.28233606,0.45635003,-0.20615138
-0.04989132,1.3553913,-0.43370822,0.02608077,-0.34878403,0.44674754
-1.1537911,1.6333158,1.3606584,-1.0530018,0.6006816,1.3013195
0.39430758,-0.65506005,-0.17226744,0.2931545,-0.01362063,-0.45177454
-0.28345457,-0.17713226,0.20091265,-0.23933467,0.10055839,0.09985943
-0.5833439,0.52518785,-0.36459222,-0.5056996,-0.39989102,0.5524828
1.0584813,-0.9439694,0.62204427,0.9621307,0.5646044,-1.0006473
-0.82423276,0.677387,-2.681243,-0.7634994,-1.7457187,0.6856089
-1.1712612,-0.90975475,0.55707157,-0.9782219,0.040849127,0.46124166
0.4038425,-0.51737523,-0.0865821,0.3230202,0.03360317,-0.4180173
0.41712385,-0.073244594,1.1548306,0.3468064,0.8434442,-0.30011916
-0.15183337,-0.38714874,-1.1011777,-0.17371398,-0.7540605,-0.018781334
0.13691777,1.3804984,-0.55899024,0.17445175,-0.38485622,0.33604157
-0.7490295,2.1947403,-0.8931321,-0.62928516,-0.66678965,1.1688398
0.78171086,-0.47616214,0.34820682,0.69446373,0.3710608,-0.6648253
1.9988734,-0.77947557,1.6435078,1.825125,1.3092059,-1.5615302
0.30511546,0.42039496,-1.5672923,0.2838055,-1.0078257,-0.06848037
0.19734015,-0.5649652,2.4670672,0.22502019,1.5313898,-0.3319757
1.0542339,-0.5098759,1.4738148,0.96577775,1.1125939,-0.87014294
0.5448186,-0.674536,-1.2884834,0.45199728,-0.73785055,-0.5716658
0.7317766,-0.82472444,-1.0768199,0.659415,-0.5445851,-0.78077817
-0.47411808,-0.3909694,0.39555258,-0.41859567,0.16087036,0.16178003
-0.16621178,-0.5530524,-0.3307971,-0.1707483,-0.19673134,-0.080551416
0.086258285,-0.7038955,0.026630877,0.013941301,0.062559925,-0.2694152
1.6440083,-0.26025543,-0.5050172,1.4800572,-0.083602265,-1.1743613
-1.6493475,0.2789297,1.300686,-1.4087487,0.48343432,1.1549704
0.015278109,-0.07670639,0.30830726,0.016540742,0.24559529,-0.060636602
-0.16631724,-0.0008056611,0.20054583,-0.12911484,0.13801733,0.07803148
-0.37833747,-0.34049603,-1.1166636,-0.3511954,-0.79246235,0.12407994
-0.5900235,1.5662968,0.40858898,-0.55299103,0.15230961,0.9531815
-0.97319347,1.5856905,0.11024928,-0.8601495,-0.1265759,1.1705738
-0.5891271,1.1389925,-0.9849773,-0.48516884,-0.7615485,0.7226467
0.10391653,1.0901585,-0.6835201,0.17627938,-0.4636364,0.2533309
-0.49108765,0.94433075,-1.4497981,-0.42987153,-0.99364173,0.6021112
0.0028785674,-0.331185,-0.6240557,-0.008108618,-0.41699076,-0.112134844
1.512324,0.121258944,0.8144394,1.3317695,0.7430205,-0.9306611
0.7717977,-0.99124455,-0.6631348,0.66273004,-0.28316247,-0.83120114
-0.59741235,0.5469508,0.917065,-0.5146746,0.5008467,0.5796002
-0.21586166,-1.3980355,0.09084222,-0.23586744,0.029494867,-0.31698388
0.64972925,0.56244636,-0.6810132,0.597545,-0.36415052,-0.22317097
0.5088141,-0.91297257,0.38140225,0.4317343,0.31963563,-0.6148752
1.7718697,0.03661271,-0.5509674,1.5793644,-0.10320668,-1.138769
-0.810732,-0.04428554,0.771839,-0.71436423,0.37143093,0.5228253
0.23449838,-0.6988774,1.2517768,0.2220579,0.857957,-0.41061702
-1.2353035,1.5002464,0.98747575,-1.0967059,0.39699554,1.3053652
-0.91019183,1.8776487,-1.1356564,-0.77707213,-0.83695567,1.158784
-0.28785756,-0.17997791,0.01680642,-0.25077453,-0.01659882,0.103117734
0.7216401,0.48694715,1.1489173,0.6615519,0.85868824,-0.34538922
1.9282614,-0.72153294,0.29892153,1.6615577,0.43332028,-1.463977
0.5876703,-0.63964593,0.39722276,0.5025504,0.35638547,-0.57797927
1.0286995,-1.8588533,-0.1298773,0.8892546,0.10962401,-1.2770526
-0.27211368,0.59503984,-0.40393552,-0.18839104,-0.37755758,0.35191885
0.40631104,-0.0035567118,-0.7092238,0.3959198,-0.44213527,-0.2834307
-0.18937017,0.33841968,-3.0183644,-0.16531156,-1.8472617,0.19637227
0.5688549,0.2583938,0.60815924,0.51044935,0.5128885,-0.31081843
-0.7021552,1.2421017,-0.42331257,-0.5917208,-0.46863317,0.8505493
-1.0646533,0.56164795,0.8035866,-0.9196731,0.337345,0.8814113
0.046058696,0.077780314,-0.096482456,0.12566373,-0.03810364,-0.09679817
0.57492816,-0.008904371,-0.118960485,0.4999807,0.013840705,-0.39271185
0.107784264,0.5482688,1.0010194,0.066291496,0.6965164,0.1049031
-0.48520997,0.3541293,0.33750653,-0.42608753,0.15137723,0.4507116
0.3874134,-0.23441765,0.1265288,0.31500122,0.16487393,-0.32644635
-1.1284739,-0.17762506,0.24104616,-1.0291563,-0.13238068,0.6938418
2.7242823,-0.044453204,-1.3315625,2.4399796,-0.35346407,-1.8400816
-0.43161282,-1.0419072,0.003881921,-0.3668924,-0.04762347,-0.1098993
-0.89780885,-0.18676291,-0.15511577,-0.8484715,-0.29480064,0.55545545
0.34961942,-1.8054968,-1.1901909,0.27273372,-0.61447185,-0.76543564
1.087921,-1.0553353,-0.93541306,0.97416174,-0.41305685,-1.0995388
-0.43681154,-0.86250496,0.89972955,-0.41967106,0.4445967,-0.0064353347
-1.1630678,1.0751426,0.55651575,-1.0001221,0.16338398,1.1098273
0.46936044,0.05582372,-0.4566803,0.45936847,-0.23108004,-0.32024106
-0.8087508,0.15334466,-1.5159413,-0.7387659,-1.0947844,0.55544186
0.30050486,0.6200846,-2.7262645,0.33912355,-1.6383377,-0.072873116
0.5309387,-0.15870288,0.43588245,0.4633856,0.4075247,-0.4050075
-1.4066516,1.6661636,0.67731917,-1.2616906,0.19139989,1.4939461
-0.11816891,0.14185847,-0.8165114,-0.072249755,-0.6280587,0.10634625
-1.0064855,-0.4424216,-0.55197763,-0.9176824,-0.5111621,0.5463021
0.4875354,-0.5252267,1.037466,0.42157137,0.7811763,-0.4979499
1.8560838,-1.1973765,-1.1914996,1.7062972,-0.4529823,-1.6976861
1.3160018,-1.3693992,-1.241978,1.1503106,-0.5353257,-1.3298181
-1.3599312,0.7077274,0.46267608,-1.2041161,0.009719059,1.1267189
-0.83975834,-0.3375512,1.6290247,-0.74586314,0.8825373,0.43075365
0.39003676,-1.5708194,-1.4014703,0.3267644,-0.7118672,-0.74051684
-0.4573329,0.096488334,0.63226426,-0.39368403,0.38897926,0.33924258
-1.119918,0.6415171,-0.4578335,-0.98727,-0.53621304,0.92729557
-1.2638078,1.0457658,0.62420094,-1.086448,0.18143024,1.1658102
-1.1798266,0.9687412,1.8067681,-1.0183061,0.8753372,1.0434493
-0.771868,-0.46152642,-1.0452577,-0.6788563,-0.7826621,0.3589487
0.4493786,0.7388993,0.123633705,0.4600732,0.12115751,-0.10858557
0.82589364,0.7589311,-0.013051595,0.76407653,0.081132665,-0.31640828
1.9782332,-0.40739733,-1.7971005,1.8550465,-0.73233247,-1.4588817
0.37920374,0.028781421,-1.7487934,0.31544563,-1.0965611,-0.20535997
-1.208362,-0.3930988,-0.13224931,-1.0677987,-0.33606005,0.66715693
1.787375,-1.0635773,0.7602272,1.5810302,0.7218177,-1.4876348
-0.65705186,0.3034382,-0.82973367,-0.57526654,-0.70621866,0.5226023
0.67502666,-1.9957186,-1.7603422,0.5879983,-0.84349537,-1.0479741
-0.07275205,-0.87106705,-0.56313694,-0.13080956,-0.32340145,-0.21697585
-0.06580952,0.45053113,-0.02198889,0.006593613,-0.047283873,0.14266965
-0.49712488,0.5228905,0.18592426,-0.42743486,0.033896416,0.5024038
0.7387185,0.53718746,-1.5018324,0.6713888,-0.88111997,-0.28142056
0.22724032,0.35006306,0.22321667,0.26277784,0.21473312,-0.11551942
0.8535647,-0.7375685,0.022959823,0.766568,0.1724827,-0.82565534
-0.14858979,0.281409,-0.46941578,-0.077371776,-0.3833115,0.15591747
-1.722509,1.7174791,0.6798605,-1.5212739,0.13616793,1.6869693
2.9499774,-2.9265568,1.9222646,2.7394443,1.4480628,-2.888783
0.24164756,0.9456123,0.9300612,0.2135144,0.65614367,0.1288882
-0.15238014,-0.6105884,0.32758912,-0.16329709,0.1813423,-0.107016675
0.4664384,0.40926045,-0.011318487,0.47347802,0.056340978,-0.23671834
0.07653756,-0.91832453,-0.74458563,0.0020014774,-0.4257447,-0.3249142
0.5932531,-0.65411586,-0.5654648,0.52746344,-0.25242865,-0.6200122
-0.9379306,0.21951768,-2.2633736,-0.8179695,-1.5193465,0.6396632
0.120107435,-0.5144977,0.26244208,0.055616215,0.2007148,-0.2258123
0.13660732,1.1942302,3.098427,0.2019959,1.7979729,0.16711226
-1.4492801,-0.16834223,-0.31692892,-1.2553685,-0.48354566,0.88026994
-1.6131855,0.77097195,0.80536425,-1.4071757,0.18503688,1.2982944
0.5135811,-0.8238941,-0.083879076,0.42326465,0.06843671,-0.5959115
0.7245248,-0.4611298,0.6820119,0.633327,0.59066045,-0.61160886
1.8588992,-1.3155668,0.30333474,1.6295452,0.4476061,-1.624524
0.31444636,-1.3673836,0.4870079,0.2644101,0.3448503,-0.6358426
-0.12952918,-0.29004526,0.73975694,-0.1604291,0.5079162,0.007562965
0.8337177,0.4756092,-0.16016713,0.73003286,-0.0069447607,-0.36553866
-1.6239169,1.0004126,-0.34941167,-1.425684,-0.551175,1.3574882
0.07755598,-0.8325844,0.012742981,-0.011325257,0.049196534,-0.2967677
-0.9518994,0.23202947,2.1747196,-0.8513397,1.11833,0.67638016
-0.15087001,-1.617512,0.2939006,-0.19785586,0.1248783,-0.4042528
-0.059821878,0.07452248,-1.0039101,-0.049098417,-0.7262242,0.06249085
-2.1697047,-0.3480904,1.1636031,-1.7872602,0.12422958,1.3002012
1.2407515,-1.2106705,-0.4412703,1.1286409,-0.061665684,-1.2570454
0.78693795,-1.2105676,-0.8676894,0.65950423,-0.4097882,-0.90203
-0.71172726,1.0717884,0.1668626,-0.59953505,-0.017122775,0.8072083
1.0196481,0.07614202,1.1655701,0.92671955,0.91439414,-0.65361464
0.5878519,-0.13072088,1.408108,0.52166116,1.017716,-0.44543827
-1.39753,0.88829505,0.51099557,-1.2280658,0.049441293,1.2092125
-0.61931443,-0.25455457,0.3497764,-0.56700724,0.09009603,0.32965487
-0.9622864,-0.36838648,0.5722447,-0.85571057,0.13148582,0.4994822
-0.82241243,0.17585967,-0.1821318,-0.77205735,-0.29954147,0.6262181
-0.58090436,0.38033378,-0.27552423,-0.5295345,-0.32959807,0.519603
1.6992354,-1.2757096,-0.44156906,1.5318062,-0.026651159,-1.5816154
0.013645628,1.0576723,0.5740035,0.010211123,0.38395518,0.3554178
0.77927625,-0.8707311,-2.1566749,0.66134775,-1.1709845,-0.774958
1.0652418,-0.3936234,-0.38834208,0.97317904,-0.087926656,-0.8871881
-1.0599419,0.8777081,1.1750894,-0.91844136,0.5342141,0.9759637
1.6088711,-0.2460362,1.0218898,1.4319061,0.8867195,-1.1142479
-0.41841242,1.6629379,-1.3552325,-0.32910985,-0.8573582,0.7640742
0.6540069,-2.2042146,-0.24932073,0.5455619,-0.04707262,-1.1217183
0.1447796,-0.88188124,1.1941983,0.17842293,0.79609275,-0.4349298
-0.20596536,-0.5266446,0.10000104,-0.18846148,0.06284298,-0.06872341
-0.5885909,1.0936655,-0.89302236,-0.48416385,-0.7193398,0.71146137
0.19711019,-1.3736901,-0.7458419,0.10071005,-0.38249356,-0.536181
-0.43883774,0.14288107,0.7652143,-0.37798816,0.48779172,0.3353251
0.19542907,0.64374393,-0.4113998,0.27544692,-0.286296,0.0068093687
-0.024884786,0.075777546,-0.7809167,-0.0030370224,-0.59030163,0.03338304
-0.44030303,0.88770574,-0.2740146,-0.35315728,-0.3231752,0.5657877
-0.04354215,0.1902126,-1.9309943,-0.052785978,-1.2613835,0.08683804
0.05472595,0.032656856,-0.2545122,0.12213428,-0.15249537,-0.0940437
0.4654622,0.69569004,0.44900462,0.4510705,0.37535,-0.13120688
-1.2775367,-0.8596548,-1.3101525,-1.0004346,-0.97072506,0.5265956
-0.43214542,1.06259,-0.29709694,-0.3370992,-0.34366035,0.61120117
-1.0167015,1.4353893,-1.3408157,-0.8923035,-0.9895741,1.0841823
-0.67925125,0.8987163,-1.1506975,-0.5901508,-0.8684279,0.7099237
-0.19642623,0.18887715,-1.431352,-0.17251833,-0.9967997,0.17703527
0.638841,-0.49755692,-0.6860168,0.6042103,-0.33926457,-0.6217772
1.4076636,-0.46479705,-0.7650744,1.2884063,-0.2760352,-1.1369172
-1.4736369,0.20592967,-1.4401256,-1.2807719,-1.1153858,0.9995333
0.106849186,1.2350175,0.59395576,0.0847605,0.40592337,0.35603482
0.12043679,0.37628865,0.61080784,0.07722724,0.47748953,0.04854399
-0.8030711,-0.5030593,-0.45598856,-0.74898624,-0.41484773,0.3820529
-0.4480106,0.5884774,0.057841476,-0.37148917,-0.06534223,0.47890615
-0.032824785,-0.69689184,-0.19305229,-0.057094857,-0.07578625,-0.2172695
0.22686152,1.1119953,1.3751602,0.18314244,0.898309,0.1874961
0.6187787,-1.0401831,0.6955444,0.5383467,0.54170847,-0.7366196
0.14010534,-1.1930882,2.3766403,0.23709175,1.4300566,-0.53955823
-0.15337737,0.4880015,-0.5358258,-0.06519066,-0.4467212,0.22599015
0.12795375,0.56290305,-0.041329358,0.20277984,-0.024401173,0.020920172
-1.5135344,-0.09640898,-1.2333767,-1.2753773,-1.0071678,0.9370154
1.9431049,-0.15329611,-1.0687592,1.7656547,-0.332121,-1.3515445
0.06746544,0.6361763,0.29961362,0.0764112,0.21201277,0.15108286
-0.12874265,-0.2081251,0.38371298,-0.12877852,0.2537227,0.006982133
0.22526671,-1.3679785,0.34610492,0.13064153,0.2519733,-0.5676962
0.50648284,-0.4255771,-0.34453887,0.45793447,-0.121582285,-0.49401432
1.1932033,-2.4558132,0.19626011,1.101271,0.27810696,-1.5966
-1.3938854,1.3329052,-1.6371049,-1.263057,-1.2123023,1.2875842
0.48198888,-0.51173156,0.4710027,0.39220807,0.41124487,-0.45915776
-1.9048053,0.11427958,-0.77348083,-1.5893177,-0.8018563,1.2326915
0.44326714,1.1702639,-1.662326,0.37979716,-0.940778,0.12771924
-0.50350726,-0.2575707,0.00157308,-0.47481948,-0.0942938,0.24955285
-0.6793596,-0.17610224,1.5227154,-0.6198536,0.86117375,0.38319024
1.8075067,-1.6184913,-0.2747989,1.6095145,0.107447594,-1.735205
0.78083265,0.40943384,-1.8357407,0.7205181,-1.0867784,-0.37362257
1.1297802,-0.021512562,-3.1866925,1.0305995,-1.7343713,-0.69804454
1.0181375,-0.013764097,-0.86282843,0.9468258,-0.39047873,-0.6873883
0.89817584,-0.0011575934,-0.94106126,0.8508118,-0.48084354,-0.5988101
-0.4771219,0.23353133,-0.7360217,-0.40290362,-0.6253412,0.37283403
-0.38588306,-0.5119706,-0.7601263,-0.3725768,-0.5453835,0.08881885
0.6458937,1.0349523,1.0724037,0.51934695,0.7965605,-0.08442794
1.4127256,-0.7087161,-0.45871148,1.290289,-0.08898786,-1.226845
-0.17486386,1.6834676,0.54340345,-0.21121587,0.3107218,0.74544847
-0.5054962,-1.005259,0.5504126,-0.48344707,0.1967049,-0.014721245
-0.6022104,1.0829289,-0.38347265,-0.50411034,-0.42646027,0.7377882
-2.1066434,1.7662315,-1.7816933,-1.9083927,-1.3582461,1.8748349
0.45857543,-1.3130705,0.95612794,0.44393742,0.6481221,-0.75725013
0.033596918,-0.49811316,0.40780622,-0.004400717,0.26749688,-0.18633497
0.10914494,0.44638065,-0.5225905,0.17684402,-0.37359917,0.03706354
0.4150416,-0.8841935,-0.06396798,0.2996207,0.05630465,-0.5303596
-1.1304657,-0.059771426,0.39192072,-1.0229486,-0.0474668,0.72661626
-0.9446413,1.0343624,0.03212668,-0.8249585,-0.19017394,0.9489081
1.4903212,-1.6291956,-0.7622524,1.3249991,-0.23682173,-1.5431786
0.677178,-0.41745102,-1.6552824,0.5649841,-0.9627137,-0.5426409
-0.8444485,0.68509793,-1.1820858,-0.76029325,-0.9099479,0.76502436
0.68245864,-0.85513645,-0.26712018,0.59464335,-0.017689362,-0.7438389
0.6555113,0.03156095,0.2280987,0.57556325,0.2597639,-0.42186898
1.3673098,-1.3047625,-0.19023462,1.223882,0.11124572,-1.3528274
-0.43242785,-0.05847641,0.41728154,-0.39280003,0.21771792,0.27957246
-0.15963076,0.5819471,-1.1175375,-0.0972168,-0.80562675,0.25760898
-1.8663737,0.8074931,0.15194081,-1.6325762,-0.29816252,1.4393822
-0.65362173,0.63093317,-0.08262673,-0.5766175,-0.2225617,0.64021987
-0.7323237,0.33144474,0.6603179,-0.6391348,0.32091475,0.60389894
2.2327878,-1.5196635,0.63352925,1.9426349,0.67803884,-1.9049908
-0.6668524,0.5099774,-0.18772608,-0.599444,-0.2933066,0.6146872
-0.42152947,0.5255448,3.1771946,-0.26425487,1.7650037,0.3319997
-0.60521317,1.0792729,0.35336065,-0.5079077,0.1413864,0.7476452
0.05644143,0.30032054,0.10596153,0.11979343,0.09727072,-0.017600909
0.4012215,-0.79736704,0.7774409,0.33523515,0.58908623,-0.52029306
0.20580013,-1.4352906,-0.8251272,0.11714469,-0.43056732,-0.560197
1.6227899,-0.6643941,-0.038956054,1.4295745,0.19710921,-1.2876097
-1.252334,1.4732138,0.63393724,-1.1095166,0.19763799,1.3195165
0.56846374,-0.030968977,-1.6738869,0.4844857,-1.0224243,-0.34267125
1.8883086,-1.8397635,-0.7686118,1.6952443,-0.18885662,-1.8825775
0.98497856,-1.3527352,1.1029557,0.91959864,0.83978045,-1.1065986
0.24708761,1.6173109,1.6441805,0.17020355,1.063749,0.34231237
0.90850586,-0.37797967,-0.0047141905,0.81293064,0.1407845,-0.74276626
0.8474731,0.052694503,0.092855915,0.73508674,0.17257258,-0.5287228
1.3397089,-1.2150682,0.6132206,1.2119687,0.57746387,-1.2699157
0.3234415,-0.19224907,1.5872588,0.27096996,1.0864737,-0.27788264
-0.6563042,-0.35502893,-1.5388862,-0.57436115,-1.057153,0.29936856
0.49346814,0.28600836,0.7637123,0.43906742,0.60334545,-0.25197738
-1.2165451,1.0435169,-0.16972278,-1.0670645,-0.37753683,1.1186043
-0.40252867,-0.030999804,-0.43942901,-0.3792439,-0.37814957,0.2642876
1.0496813,-0.3305209,2.5982275,1.0135605,1.7511637,-0.8546492
-0.12952913,0.34365445,0.26244214,-0.09784247,0.19660062,0.1857636
0.52034646,-0.86258525,-3.2552009,0.506725,-1.8107662,-0.5964081
0.90847456,-1.3869246,0.6493482,0.83060986,0.50842315,-1.0585871
0.1280541,-0.26444003,1.0044899,0.069272906,0.712361,-0.1580567
0.0647708,1.1054579,1.0537624,0.07099798,0.70778763,0.28609765
0.934341,0.23948283,0.74782145,0.8417708,0.640146,-0.5405118
0.25831458,-0.17990437,-0.3664678,0.27388716,-0.18423034,-0.27690318
1.3874229,0.35081673,-0.6556807,1.2318674,-0.20202668,-0.7794002
0.518866,-0.16404016,-0.598595,0.5105471,-0.32363135,-0.43638158
0.9000942,0.10725053,1.498454,0.8312976,1.1048366,-0.5861585
-0.07553863,-0.35520932,-0.16635393,-0.051214233,-0.070505515,-0.10528289
-0.8900709,0.039685324,0.951296,-0.7682894,0.48623264,0.5880007
