input_0,input_1,input_2,input_grad_0,input_grad_1,input_grad_2,output_0,output_1,output_2
-0.09593831,-0.302116,0.13322437,0.4991622,0.4071738,0.5750817,-0.08013244,0.0599466,-0.04861892
0.9803671,-2.2248893,0.5405227,0.3927443,0.34380686,0.68499666,0.89479285,0.5704216,-1.3238766
0.3317616,-1.0140123,0.5122451,0.5234242,0.26052535,0.64206594,0.30428338,0.4021589,-0.56467193
-0.08292435,-0.42628863,-0.7800372,0.51717603,0.40612742,0.604151,-0.07376477,-0.50426984,-0.064811304
0.075794175,0.6633419,0.14723118,0.42321017,0.3172443,0.5965533,0.05786441,0.12637703,0.1919331
0.048733197,0.018799076,-1.6722102,0.4411466,0.26822662,0.6758683,0.066982955,-1.0635232,-0.012783997
-0.46314335,0.33490658,-0.11406624,0.46775407,0.38648835,0.5790531,-0.3966775,-0.13185486,0.40322158
-0.27473655,-0.15661913,1.1576906,0.42514247,0.3328302,0.6243018,-0.26935458,0.689929,0.102429636
0.520974,-0.85406935,-0.31279075,0.5050149,0.33656675,0.5948744,0.47283667,-0.09019859,-0.60463107
-0.29969808,0.2994393,0.46740922,0.45759273,0.382622,0.567271,-0.2642281,0.25351724,0.27630976
0.261358,-1.0110945,-0.02642165,0.5395895,0.31113672,0.61776865,0.24225445,0.029548075,-0.5085965
-0.17009303,-0.6636515,0.3032353,0.5154013,0.35884154,0.62483644,-0.14930944,0.1390633,-0.13542742
-0.61563104,0.7540519,0.48052478,0.43268535,0.33855394,0.5654736,-0.53978974,0.21693583,0.620169
-0.93461084,0.30974478,-0.6391816,0.5324842,0.41230196,0.64720106,-0.81511164,-0.55400586,0.676461
0.8186953,-0.31606168,1.8739507,0.49226934,0.33504677,0.45400298,0.73531276,1.2739136,-0.6543717
-1.0147709,1.2240152,0.8840645,0.36256742,0.26967797,0.5714241,-0.8624286,0.36829343,1.0059133
-1.0608431,-0.06755661,0.41281444,0.41229883,0.40454432,0.66540885,-0.91912895,0.052301675,0.60610545
-0.24095973,-1.2191056,-0.23666342,0.54617363,0.28824565,0.6189295,-0.19177367,-0.2363961,-0.2768353
-0.25489148,0.27956948,0.39027634,0.45849252,0.38400334,0.56489265,-0.22380544,0.21337545,0.24528271
-1.3531073,0.9795871,-0.72195464,0.4555643,0.34857124,0.6586311,-1.2056934,-0.6512356,1.1517677
-1.3594916,0.7021529,-0.37270898,0.48789918,0.39337087,0.65525055,-1.1979795,-0.43794265,1.0553
0.5744028,-1.1105218,0.80609185,0.50191754,0.23767519,0.607864,0.5263572,0.65455794,-0.7537237
-3.2930667,2.9801376,-1.1915461,0.42773408,0.32719278,0.3923258,-2.9177349,-1.2161783,3.152699
1.5448943,-1.2504972,0.33009163,0.3857184,0.31582943,0.6598594,1.4329807,0.51057565,-1.4030479
-1.2920163,2.030762,2.0279403,0.29576737,0.053466894,0.40437874,-1.085309,0.8684584,1.3292887
-0.52100706,-0.5937175,-0.8720761,0.55884534,0.4269542,0.6087655,-0.45589042,-0.67402685,0.12209422
1.7010787,-1.5220225,-0.57949775,0.3645624,0.4088876,0.65515256,1.5354809,-0.0701175,-1.5935347
-0.26708776,-0.53053194,-0.31698588,0.53304994,0.43144542,0.57900053,-0.2292666,-0.26985696,-0.013003752
-0.45090348,0.13767193,-0.5054782,0.49070552,0.3989179,0.6132704,-0.38446075,-0.38568923,0.3401775
-0.8625035,-0.50044155,-0.74226415,0.55270946,0.43469527,0.6193526,-0.74332833,-0.6797606,0.3450041
0.08214931,0.9074277,1.3080299,0.47944576,0.2822892,0.5043993,0.032827266,0.848428,0.22765943
1.2894876,-1.4354031,0.80235875,0.42189133,0.27349335,0.5988432,1.1963044,0.7853372,-1.2983006
-1.1086245,2.2784262,-0.58421797,0.3217293,0.2826748,0.60193455,-1.0135394,-0.5780307,1.4374031
0.1011201,-0.71924645,-1.7361209,0.51983535,0.32190692,0.6332604,0.08546457,-1.0442512,-0.28973952
-1.8791877,1.000684,0.6220378,0.32520607,0.28951293,0.67345107,-1.5959772,0.074967414,1.504591
-0.16794072,0.80818754,1.9033747,0.38128877,0.22442779,0.42234886,-0.21334471,1.1265712,0.3362096
0.5226309,-0.46832737,-1.6656266,0.4422805,0.26537925,0.6538681,0.47150815,-0.92894435,-0.4663989
-0.5044404,0.3501661,0.77231157,0.43732238,0.36931878,0.58944046,-0.4469964,0.4062228,0.40925243
0.7808494,-1.0662602,0.59276354,0.50439465,0.2497906,0.62110484,0.7268899,0.5540267,-0.8698107
0.4534361,-1.1054041,1.0231137,0.48168653,0.23791626,0.58611757,0.4044733,0.76821554,-0.67429185
-0.5008002,-0.043557372,1.5898154,0.32235903,0.29158473,0.6040913,-0.48670655,0.9238304,0.30246952
-0.8472933,1.4646623,-0.96843106,0.36439043,0.2499689,0.65092915,-0.76939875,-0.7541195,1.0036464
1.2745836,-0.006026881,-0.27913374,0.37345654,0.24109441,0.6748579,1.1357225,0.04956878,-0.8087089
1.0106618,-0.38603333,1.0797722,0.46625304,0.31167498,0.58439845,0.93800193,0.8742142,-0.8107234
0.34038532,0.05833154,0.12184907,0.44367006,0.35635695,0.58559847,0.3038736,0.14731073,-0.1824922
0.75926757,-0.016048925,0.70288306,0.46202344,0.3413595,0.60371876,0.69375086,0.589977,-0.50327826
0.6293672,-0.97168803,0.5327727,0.514608,0.2610292,0.6251886,0.5820888,0.48043185,-0.74197793
-0.5991516,0.7027403,-0.67042786,0.44480443,0.2911925,0.67205536,-0.5266405,-0.50099933,0.6172019
0.8665647,-1.2862555,2.0621908,0.49006957,0.31211627,0.40054238,0.7572091,1.3833852,-0.9980213
0.22414933,-0.09959373,-1.2416651,0.4316839,0.283746,0.66191006,0.20362015,-0.7427466,-0.13653195
1.6140791,-1.423045,-0.17752388,0.36727637,0.39240286,0.7022906,1.4762167,0.17972204,-1.5004532
-1.180393,0.34056485,2.3300583,0.12572762,0.15766719,0.56421435,-1.0593337,1.2709064,0.9135294
-1.2525073,1.5888165,0.09684878,0.38316137,0.25736982,0.6345742,-1.0920904,-0.1470922,1.2882738
-1.5604393,2.1674042,0.5992793,0.36918938,0.2251829,0.56134933,-1.294923,0.026326254,1.650591
0.84294856,-1.804239,-0.23696442,0.40227276,0.32962897,0.6891531,0.80797213,0.00632675,-1.1380216
0.75237757,-0.39787748,-0.09421539,0.45236304,0.31761065,0.6043216,0.6799843,0.08837525,-0.598932
-0.30333954,0.23510477,-0.021694629,0.46209794,0.39130738,0.5682327,-0.25811595,-0.051093236,0.27223194
-1.0409322,1.5624148,0.04685096,0.3927335,0.24296397,0.63314056,-0.9221539,-0.13519768,1.150215
0.7632736,-1.3367453,0.30549508,0.49711475,0.26138052,0.6614361,0.71864504,0.36547735,-0.9345542
0.76162136,-0.19620225,-0.78836364,0.3782313,0.26137933,0.6347108,0.6688377,-0.34858546,-0.5148089
-0.73221344,-0.47066814,-0.7316879,0.55673254,0.44440645,0.6145359,-0.63341165,-0.63636637,0.28365237
-0.7041565,1.2533656,-0.112289295,0.41746527,0.2426423,0.6350422,-0.63869804,-0.15879844,0.85217535
0.59418374,-1.3868511,0.48742878,0.5072025,0.23645988,0.6535692,0.55844444,0.45762628,-0.8443564
-1.5003821,-0.37476116,-0.50864345,0.4619082,0.3952711,0.69000554,-1.2851369,-0.6833396,0.7633598
-1.8867325,1.6327802,0.052240454,0.37521553,0.28647226,0.64010483,-1.6247486,-0.29128864,1.7093899
0.017849505,0.06920948,-0.1258448,0.44884762,0.37697455,0.575642,0.021639518,-0.0640274,0.028345257
-0.9130582,0.087100394,-0.27207392,0.5259709,0.45124745,0.60731554,-0.7862076,-0.33854204,0.57640004
1.5599141,-1.5233457,-0.80584997,0.3692754,0.39700636,0.6114833,1.4115168,-0.23274037,-1.5026798
0.53415143,-1.2937773,0.22023149,0.52091604,0.25506157,0.6579076,0.5033814,0.25998157,-0.77574027
1.301912,-2.4278874,-0.30663377,0.3198067,0.34233993,0.692745,1.2154292,-0.023291916,-1.6193643
-0.29787844,-0.62425417,-1.2307032,0.55581945,0.39152443,0.61778677,-0.2713266,-0.833709,-0.010708399
-0.9599202,0.17344138,-0.49604923,0.5399426,0.44053292,0.6295039,-0.83258694,-0.4799712,0.63939023
-0.44733644,-0.16792697,1.1507453,0.40118477,0.32751006,0.6490575,-0.41897625,0.65472627,0.207708
-0.24440116,0.6362848,2.746711,0.22032017,0.19055596,0.35380188,-0.3174901,1.4931786,0.3314491
-0.33619022,-1.5048041,-0.04668358,0.53659326,0.22279245,0.655254,-0.2581647,-0.13696842,-0.3125166
-0.8244778,0.16573949,0.5552218,0.43500125,0.40362704,0.61933625,-0.7155418,0.20294017,0.538797
-2.0373378,1.661186,0.10721427,0.3769157,0.28042337,0.6351063,-1.7484586,-0.28876257,1.8170727
0.5737317,-0.4727214,-1.3998004,0.4317441,0.27481177,0.6385394,0.5070912,-0.7512841,-0.48669574
-0.16139962,-0.73921126,-1.4207498,0.5513312,0.36032748,0.61282325,-0.15271226,-0.91373324,-0.13382208
0.9016084,-2.0587478,0.99981743,0.43527994,0.31554294,0.55417967,0.8003055,0.87040985,-1.2209802
0.047845,-0.98496896,0.8633853,0.4783073,0.24614398,0.65441704,0.03593241,0.57243943,-0.3750239
-0.35752204,0.018843025,-0.08906063,0.48755413,0.42301935,0.56765354,-0.3026101,-0.11519089,0.22869006
1.4761584,-1.4646475,1.7450116,0.43890998,0.295026,0.4684578,1.322101,1.3492756,-1.4270004
0.8077492,-0.4740336,0.8453706,0.48268065,0.30527824,0.59566283,0.74300843,0.6999519,-0.7031803
0.7343577,-0.40962192,1.1196551,0.4821312,0.31864655,0.5789632,0.6676902,0.85453117,-0.6364438
-1.2713422,0.5928416,-0.40394574,0.5048537,0.40307847,0.65046644,-1.1178981,-0.4476101,0.964738
-0.3282306,0.9860179,0.49328896,0.4340654,0.2960961,0.5641273,-0.30629283,0.27836716,0.5298068
-0.21639912,1.1883991,0.5952897,0.44698364,0.274082,0.56309354,-0.21775962,0.3584758,0.5253932
1.1625121,-1.1547153,-0.9730751,0.39222378,0.35703543,0.6065395,1.0450155,-0.36975774,-1.1112235
-0.8388296,0.6782258,0.23302636,0.4498959,0.3639032,0.5818325,-0.7265898,0.026380256,0.7309401
2.790994,-0.6516188,0.42852843,0.15404494,0.28586724,0.5064322,2.3784242,0.799579,-2.069177
0.28887403,0.54544556,-1.2468123,0.3401351,0.19627517,0.7015583,0.2877789,-0.7904887,0.0010310784
-0.20058832,0.9746132,-0.8788751,0.36952108,0.21111977,0.70746076,-0.16991444,-0.60967314,0.45385507
-0.20236483,-0.6232235,1.2830892,0.39716727,0.27455682,0.6349907,-0.21311824,0.7915484,-0.08886692
1.2967459,-1.3520529,0.6846743,0.42499804,0.27403656,0.6173006,1.2089118,0.7083957,-1.2796955
0.2529643,-1.4261949,-1.2360796,0.4973011,0.29852682,0.5856946,0.2517166,-0.69474936,-0.6509258
-0.8142844,0.986648,-1.7862663,0.3669816,0.32506794,0.6106086,-0.69451994,-1.2751254,0.8065225
1.425526,-1.327926,-0.18074685,0.39241523,0.37137038,0.6913503,1.313476,0.15160018,-1.3469574
-0.30286714,0.6255163,-0.67685455,0.41441613,0.2750196,0.6738945,-0.26188272,-0.46458498,0.41719213
-0.10388275,0.76726156,-2.5175838,0.302701,0.26300725,0.61440945,0.021827206,-1.6574953,0.20572743
-0.2512455,0.37040627,-1.148336,0.431252,0.2848246,0.69413793,-0.20562734,-0.779472,0.30230552
0.64692616,0.6958584,-2.315273,0.27467632,0.14228134,0.67350996,0.68144554,-1.4652158,-0.3153053
-0.2033588,1.1085409,-0.8115358,0.36412898,0.20188458,0.7087426,-0.17807467,-0.5695641,0.4962059
0.47533423,0.060880423,1.451024,0.47863844,0.33654797,0.5341665,0.4054523,0.9987297,-0.2995031
1.5280364,0.31084442,-0.4892585,0.33180907,0.18588421,0.73705196,1.3498994,-0.06853256,-0.89691645
0.2495093,-0.39953545,0.7428621,0.49096942,0.33767593,0.6075522,0.21644811,0.5248939,-0.31245896
-2.010657,2.1130693,1.1813723,0.39902547,0.16093396,0.4755094,-1.6434562,0.25006053,1.8874702
-0.06953088,-0.74242455,-2.087295,0.50302994,0.30090374,0.6293875,-0.06207881,-1.2897013,-0.2137444
-0.8273052,0.14616643,-0.55862457,0.53561276,0.4326094,0.62854904,-0.7157919,-0.49425498,0.5570071
0.24978751,0.3874421,0.5188789,0.45598638,0.35286456,0.58436316,0.21470919,0.38589656,-0.022990793
-1.595124,2.5624714,0.36221996,0.36707994,0.23474921,0.5716059,-1.3472015,-0.13030122,1.8025112
-0.18112876,0.6706623,0.50660366,0.4435348,0.33498353,0.56452763,-0.17133324,0.30932415,0.33627668
-1.8771763,2.263018,0.8800209,0.40054834,0.19806573,0.49836063,-1.5377494,0.10262057,1.864228
1.2082571,-1.2555388,0.47302127,0.4464975,0.27705747,0.64328235,1.1324384,0.5535454,-1.1940293
-0.67791003,-0.12756665,0.4142894,0.46549362,0.414594,0.61657965,-0.5884015,0.12342853,0.34975722
-0.5463443,0.583675,0.8310673,0.42375004,0.34397054,0.5777112,-0.48417586,0.43901148,0.5133242
-0.77714765,0.42930743,-0.064991646,0.48479238,0.39850363,0.58818376,-0.6702178,-0.15420324,0.6149039
-1.0269073,-0.0013637748,-1.0749295,0.5659753,0.43574482,0.65806,-0.9036995,-0.87978995,0.62051356
0.21022516,0.029877845,-0.19720128,0.4336753,0.35664442,0.58705163,0.18975873,-0.07545543,-0.099347025
1.4119533,-0.8550922,0.10286726,0.43134862,0.28754723,0.6407933,1.3027245,0.34283158,-1.1880115
0.3480867,-0.38363108,0.19194256,0.4888937,0.35906342,0.58772373,0.31413853,0.18952541,-0.35027814
-1.1927158,-0.18919946,-0.7286165,0.55309397,0.4470145,0.6492661,-1.0363677,-0.72152245,0.6432244
1.8553635,-0.95455915,-0.53896666,0.38115,0.3554869,0.6643062,1.6449255,0.029981226,-1.4962652
2.0399761,-2.0521264,-1.4960493,0.41048652,0.36971128,0.40547618,1.8514565,-0.5846528,-1.9499921
-0.55006313,0.34089524,1.6816323,0.31538743,0.2794037,0.5639646,-0.52163863,0.95731497,0.4527761
-1.4537696,0.9580016,-0.85304636,0.4537864,0.3746024,0.65352666,-1.2955381,-0.75530124,1.2060525
0.8984695,-0.5772233,0.10693487,0.47292826,0.29896572,0.61395216,0.82448936,0.24611431,-0.76639885
-0.65588975,0.7330265,0.4927054,0.43223497,0.34357637,0.5675857,-0.5729541,0.2163595,0.63622725
2.5764701,-0.7288627,0.2212365,0.20872715,0.29246768,0.5304444,2.2284534,0.64385545,-1.931365
-0.2603666,-0.25190073,2.04047,0.28122663,0.27380294,0.48169935,-0.31259245,1.2129588,0.09872786
2.175441,-1.0753797,0.07548292,0.29330075,0.34828067,0.6225138,1.9355994,0.47057566,-1.7599972
-1.9090996,-0.17956562,-0.9139898,0.4332565,0.3834582,0.6977966,-1.6648446,-1.0088221,1.0762913
-0.360775,0.51870435,-2.15184,0.3855195,0.28670746,0.62372684,-0.26067674,-1.4469515,0.34706038
0.12464594,0.8293951,-0.48071387,0.36525816,0.23543192,0.68653905,0.10922474,-0.28662515,0.21744767
0.06300072,0.31710386,-1.1600718,0.396015,0.25224355,0.6906808,0.07390827,-0.74029183,0.091163374
-0.4357938,-0.102823175,1.7840388,0.29558986,0.27895907,0.56066096,-0.4445637,1.0491422,0.25148612
1.109687,-1.2576865,0.3204679,0.45993358,0.28426728,0.65895283,1.0416918,0.43520668,-1.1296891
0.3007815,-0.46581492,-0.6185786,0.47519156,0.36406818,0.5900599,0.26561886,-0.32237765,-0.31482363
-1.5068175,1.6285949,0.18519586,0.3745489,0.26881444,0.63361645,-1.2934579,-0.14790703,1.4608121
-1.0485837,2.1874337,-1.5843837,0.24076109,0.3444435,0.51868224,-0.9164887,-1.1766549,1.3722223
-0.10271217,0.3362007,0.68379414,0.45810938,0.36291716,0.5739256,-0.10061023,0.42613682,0.16725346
-0.39171603,1.4336691,-2.1864467,0.25948626,0.29243684,0.572929,-0.2587564,-1.5092301,0.63777196
1.2711585,-0.034961686,-0.25890598,0.37793192,0.2441217,0.67043984,1.1340104,0.0635833,-0.8157121
0.8131442,0.312268,-0.88180643,0.31177402,0.1958195,0.6944412,0.72302717,-0.44436726,-0.40200773
0.574512,0.40200496,0.6057183,0.456363,0.35001227,0.60337794,0.5147822,0.49470767,-0.22667772
-0.5843796,1.0107127,0.79711235,0.41241843,0.29251748,0.55525494,-0.5200652,0.41161022,0.67777574
0.6969559,-0.4947634,0.61354625,0.49001682,0.30938998,0.60410845,0.6386997,0.532246,-0.63062036
0.45811686,-1.5793892,0.8727488,0.47922435,0.22973014,0.6025809,0.42103142,0.69611347,-0.81318355
0.48756838,-0.6187174,-0.18217948,0.49117348,0.34588757,0.5888904,0.44031793,-0.01699154,-0.504382
1.0931734,-0.463594,-1.6512263,0.38786897,0.20644648,0.62955284,0.97328836,-0.8076066,-0.8455464
-0.40483746,0.40282503,-0.9488277,0.44955617,0.3097477,0.684625,-0.34600276,-0.66461504,0.40756407
-0.16859724,1.3522782,1.3456637,0.46042728,0.22326797,0.46577522,-0.19423167,0.81244814,0.50305444
-0.6962406,0.5462056,-1.2905946,0.45864183,0.31699818,0.68778473,-0.6035665,-0.9414407,0.6173652
-0.44134226,1.5267042,0.40408608,0.4241871,0.23313993,0.5849598,-0.41625947,0.18938735,0.77093595
0.059524097,0.91317564,-1.4351336,0.32805106,0.19242027,0.69482255,0.10497424,-0.9823618,0.23739111
1.3157438,-1.9887081,0.68436754,0.38377815,0.33850506,0.6639656,1.1984835,0.7136438,-1.461627
-0.8029356,0.32646492,1.5958272,0.2817174,0.276327,0.6223552,-0.7266557,0.87265396,0.61219525
-0.10084834,0.28487667,-0.44472608,0.42760637,0.33581963,0.618862,-0.08163832,-0.2806674,0.18416074
-0.4172563,0.22679214,-1.1441072,0.47357506,0.33218032,0.6853633,-0.35713685,-0.79944026,0.35737994
1.1059227,-1.468348,-0.059808407,0.42382443,0.33970404,0.6924138,1.0368528,0.17468849,-1.190112
0.5729057,-1.063001,-0.043292973,0.51885194,0.29904944,0.62618995,0.5308487,0.09067387,-0.7192936
0.09426703,-0.5379024,1.4517943,0.42336175,0.2983943,0.564204,0.043396447,0.9447148,-0.25166544
0.22339885,-0.30344117,-0.056818478,0.4783311,0.37971002,0.5748749,0.20227958,0.008909695,-0.23282915
-0.62916416,0.96666896,-3.0190415,0.26961052,0.33947378,0.57556427,-0.43827474,-1.9612491,0.58356
-0.86251223,-0.23327324,0.68194896,0.39673543,0.364343,0.69120467,-0.7579352,0.26183358,0.43391034
1.1374644,-0.84297323,1.0229827,0.464029,0.26662648,0.56842434,1.0576512,0.87840044,-1.0399063
-1.0542673,1.2675626,-0.9043263,0.39745948,0.27649492,0.654296,-0.94921845,-0.7280867,1.0689791
-1.2714344,0.5466533,-0.905194,0.52157694,0.40803814,0.6681311,-1.1269794,-0.77620065,0.95220304
-0.051697873,0.4777959,-0.7976086,0.39433268,0.266611,0.6800409,-0.035677627,-0.5119256,0.21799797
1.1472245,-1.2844266,0.743344,0.45414335,0.257196,0.60303724,1.0704848,0.72298133,-1.1679304
0.1628794,-0.26474395,-0.3269799,0.46930325,0.38255006,0.5789765,0.14818715,-0.16939199,-0.16977584
-0.5085536,1.266953,1.4906564,0.3743061,0.20361552,0.4821683,-0.47225094,0.8217704,0.6800428
1.3771095,-0.66748303,-1.1562771,0.3761962,0.2579689,0.6178453,1.2056036,-0.43646392,-1.0823802
-1.9225005,0.31067234,0.16146165,0.2946031,0.3698386,0.7760613,-1.6729535,-0.22642475,1.3011146
0.6358344,0.17080373,-0.6864961,0.3506516,0.24932571,0.66300297,0.56264776,-0.3268755,-0.31639037
1.5309474,-0.06707703,1.1751553,0.38451955,0.31892636,0.5999465,1.4339963,0.9918778,-1.0436314
-0.33903858,0.7299145,0.65115154,0.4391452,0.32946983,0.5599958,-0.309703,0.37042457,0.44464263
0.42036238,-0.31607413,1.205367,0.47648284,0.32994437,0.5763799,0.36107963,0.849913,-0.39632028
1.0332168,-0.4271958,0.90958595,0.46425688,0.30134362,0.5937303,0.95993537,0.77591956,-0.8367847
-0.048615348,-0.93931204,-0.98583883,0.55514,0.3652767,0.58955145,-0.04420808,-0.6256552,-0.27977574
-1.35975,0.80835867,0.2319148,0.4164188,0.36927974,0.63762504,-1.174367,-0.066978216,1.0913135
1.9181015,-0.92175823,-1.4148515,0.41517416,0.27244782,0.5401248,1.6731107,-0.4814714,-1.5107037
0.17712349,-1.1033207,-2.1774373,0.4818095,0.27405453,0.63331723,0.16689582,-1.2722205,-0.49865618
0.17017892,-0.5930264,-1.1792253,0.510685,0.3547613,0.6185212,0.14293924,-0.69279206,-0.27057764
-0.40611452,0.51061106,-2.0331533,0.39898694,0.29023838,0.63204896,-0.3103071,-1.3804944,0.38461277
0.27502137,-0.41882482,0.97406405,0.48123318,0.32531968,0.6025222,0.23280944,0.67992735,-0.33767858
0.9065666,-0.9228491,1.4894537,0.48140287,0.29292554,0.5041424,0.8223099,1.1077658,-0.9144048
-0.542333,0.23003659,1.2978525,0.37533993,0.32225662,0.6154289,-0.4998539,0.72975194,0.40031746
-1.1347251,-0.15173672,2.7861967,-0.0061398447,0.12984046,0.52774894,-1.0616453,1.5775647,0.79034597
-0.677483,1.3613223,1.414804,0.35453877,0.19960424,0.49637714,-0.6007812,0.73672795,0.8139981
0.62561905,-0.8094692,0.6250292,0.5080331,0.27614492,0.61342204,0.5746712,0.53497803,-0.6904019
-0.46623984,1.0972055,-0.14365138,0.41472843,0.24934313,0.6337404,-0.42828506,-0.13845585,0.66239667
-0.0516067,1.9364603,-3.385571,0.09713687,0.28337413,0.6267845,0.12780663,-2.1879756,0.4396703
1.1344144,-1.6068609,-1.0547305,0.38576,0.37656337,0.5845675,1.0471824,-0.4495665,-1.2616167
-1.0556335,-0.80409753,-0.27645501,0.46739465,0.36481643,0.64942014,-0.8851737,-0.4727458,0.349433
0.01572189,1.3746167,-0.56314427,0.3526776,0.18677491,0.7273084,0.0071360245,-0.39180282,0.44045588
0.0701679,0.4901989,-0.8522375,0.37689686,0.2486744,0.68749094,0.0736413,-0.5349673,0.14454809
-0.7050696,-0.21256302,-0.43967235,0.5407647,0.46058732,0.6014883,-0.60532916,-0.4265521,0.3562792
0.4312194,-0.49766433,0.38985205,0.49971628,0.3349734,0.60191816,0.39041722,0.33395177,-0.45172986
0.9667361,-1.1934522,1.2986292,0.47435898,0.263493,0.51060706,0.88033587,1.0247432,-1.0324198
-0.49374583,-0.68219787,-0.14450487,0.5271979,0.408484,0.6027275,-0.4235108,-0.23121661,0.05905185
-1.4716687,-0.3326855,0.43488857,0.28128088,0.33813062,0.78492486,-1.2684482,-0.021097422,0.80210495
-0.11713377,-0.74993306,1.6228448,0.3450147,0.26006797,0.558934,-0.1573748,1.0190654,-0.17031801
-1.2281226,0.20082965,0.96284103,0.2975077,0.3332553,0.7220761,-1.0711088,0.4085512,0.8259042
0.29770434,-1.3976442,-0.15270203,0.53035825,0.26458842,0.64112055,0.29278195,-0.03814289,-0.6618991
1.0112606,-0.008329032,0.6652654,0.43987754,0.3290314,0.61393195,0.9340005,0.6066632,-0.6666911
0.4201084,-1.2304391,0.016360985,0.53110874,0.27454257,0.6424059,0.39567727,0.0974882,-0.6816123
1.2826726,-0.46121442,-1.5551769,0.3797627,0.19577014,0.6152147,1.130474,-0.71084976,-0.96665585
0.6491061,-1.3020835,-0.5106774,0.47945467,0.32773817,0.6191877,0.60489446,-0.18613052,-0.8442192
0.6882886,-0.7770072,2.2304618,0.4818039,0.32642263,0.37846202,0.587728,1.4169059,-0.71980184
-1.0797803,0.7123974,0.26784033,0.43851388,0.37213224,0.60400164,-0.9322162,0.003433846,0.88537025
-0.22609292,-0.94631207,0.19821922,0.5267404,0.31627125,0.64913434,-0.19394957,0.050125994,-0.19371676
-1.3439803,2.346461,0.18385373,0.3502514,0.244697,0.6096709,-1.1582495,-0.16986728,1.5851998
-0.23387764,0.79831594,1.796217,0.3801244,0.23374158,0.4526177,-0.26216018,1.0596597,0.3776904
1.2745075,0.5729919,0.4242962,0.36322057,0.3208322,0.6716061,1.1773802,0.47801435,-0.6379574
-0.9952039,1.529859,0.6712099,0.3702103,0.24784331,0.56783235,-0.85154575,0.23368746,1.0953084
0.39902094,-0.77051336,-0.96724534,0.4958983,0.35001704,0.5957315,0.3497222,-0.5096923,-0.47935006
-0.43965286,0.09522242,0.49366578,0.46670014,0.40298015,0.58404505,-0.38387954,0.23430802,0.28502563
-0.8864248,-1.4072312,-1.1465359,0.4659055,0.16597268,0.5316731,-0.67899436,-0.95198464,0.024037205
-0.69743484,0.95058817,0.28390992,0.42923135,0.3080988,0.5778508,-0.6142691,0.087174654,0.7407866
-0.066974334,1.4242364,-0.5238765,0.36088678,0.18872058,0.7196922,-0.07249691,-0.37330547,0.50981015
0.86230224,-0.11637918,-0.83000886,0.35809422,0.23603767,0.6485672,0.7563291,-0.36284772,-0.5578654
1.3339117,-0.80844474,-0.89109826,0.38466936,0.30294296,0.6303171,1.1789815,-0.28300846,-1.0997376
-0.42455405,0.8883977,-0.3381728,0.4164486,0.26438808,0.6462973,-0.38218516,-0.25527772,0.57235473
0.8441462,-0.37220955,0.011981554,0.45138663,0.30934942,0.6105082,0.76653546,0.17170154,-0.6547822
0.21012877,1.8201929,0.38316447,0.4830883,0.22757292,0.65572643,0.16716784,0.27114683,0.45779988
1.1940558,-1.5461538,0.3890178,0.4217341,0.309663,0.6828174,1.1186181,0.49454215,-1.2680955
0.040321458,-0.66005063,-0.28386348,0.5275855,0.39475837,0.57845116,0.038399287,-0.18007281,-0.24184096
0.5194763,-0.092086926,-0.57379866,0.39871842,0.30246997,0.6212708,0.45934987,-0.2591914,-0.3244906
0.6912271,0.48255214,-0.42505,0.34358856,0.2520769,0.6918683,0.61544555,-0.16540965,-0.2568225
-0.37407085,-0.7071968,-0.96113867,0.5593742,0.406281,0.60315394,-0.3310454,-0.69314206,-0.0027723834
-0.53574,1.6429659,-0.6541053,0.36530295,0.2072679,0.6828648,-0.5032781,-0.52089584,0.8681428
0.5043916,-0.096771434,0.105792776,0.44828314,0.34675014,0.59283984,0.45314205,0.16581425,-0.34121144
0.022689093,-0.66742384,0.6793797,0.4967087,0.31227505,0.6395012,0.013849724,0.43554062,-0.25969467
-0.55634487,0.56445086,-0.60059136,0.45565313,0.3180462,0.6562803,-0.48463356,-0.44930324,0.5470954
0.32922572,-0.39785248,0.61410046,0.4942863,0.340418,0.6035427,0.292736,0.45757106,-0.35952476
0.86122423,0.60584474,0.51649994,0.4263674,0.3410663,0.63691694,0.7878293,0.48014227,-0.34277555
1.3350191,-1.1169885,0.09991039,0.43100277,0.31227887,0.6632458,1.2408596,0.32643571,-1.2235188
-1.1584854,0.2186999,-1.0888873,0.5546782,0.43018752,0.66552156,-1.0233535,-0.89881635,0.7714262
1.3725173,-1.1184739,-0.7424451,0.38452256,0.3626386,0.63651466,1.2328204,-0.19535732,-1.2360145
0.2482654,1.4718907,0.9109027,0.5191966,0.2663168,0.54099035,0.19461964,0.6347271,0.31351593
-0.5679857,1.3372393,0.9216136,0.40556195,0.2478098,0.5335419,-0.5116462,0.47930098,0.764221
-1.5033548,1.2122647,0.73715967,0.35281742,0.2819263,0.61541176,-1.2615461,0.18946482,1.3192776
-0.2738423,-0.15986818,-0.282212,0.5005106,0.42927665,0.5749665,-0.23065253,-0.22791293,0.12422799
-0.2223675,0.19535154,0.72608656,0.45888132,0.37336805,0.58420956,-0.20428437,0.42679882,0.18794265
1.2978607,-0.28942275,-0.37386307,0.39660612,0.24299043,0.6557041,1.1553965,0.010686092,-0.9115554
-0.69813967,-0.022196066,0.13958076,0.49122512,0.4403297,0.58602446,-0.5991344,-0.047697216,0.40252492
-1.3355681,0.16512227,-0.9228526,0.5568695,0.44928992,0.6645667,-1.1791304,-0.835075,0.8513186
0.9687006,0.50780386,-0.514134,0.31738245,0.22226766,0.7294196,0.8647283,-0.1922825,-0.4450315
0.29556346,-0.70186853,-1.6278565,0.4997459,0.31584013,0.6366336,0.2599814,-0.93678737,-0.39802673
-0.37243408,0.96709204,0.869524,0.432212,0.2928506,0.54835635,-0.34646273,0.4970111,0.5353847
-0.9566107,1.4247353,0.103374004,0.4035692,0.2498981,0.62183666,-0.84750515,-0.07855281,1.0541234
-1.5025408,0.7814917,-1.34121,0.4657277,0.43312877,0.6297194,-1.3346676,-1.089592,1.1711264
0.9657132,0.5735518,-0.6900438,0.29728857,0.19356705,0.74113774,0.86476487,-0.32103553,-0.43302992
-0.23426525,0.34009725,-1.5939428,0.42930427,0.27397332,0.6830845,-0.17682956,-1.0775338,0.26213783
1.2222705,0.2590989,1.070122,0.41878676,0.3387994,0.60417306,1.1458024,0.8808247,-0.72491896
-2.3594697,-0.11354544,-0.62842304,0.2712363,0.35278004,0.80802995,-2.0479305,-0.9029858,1.433418
0.6857583,-0.35889694,-0.21935907,0.443008,0.32205945,0.60109985,0.615591,-0.0026696548,-0.5362545
-0.11735712,0.2669534,-1.2351284,0.42728084,0.27863386,0.6907047,-0.086172424,-0.81556225,0.18712404
1.6847233,-1.9108521,-0.35689342,0.34984663,0.39610606,0.69538474,1.5384613,0.028721005,-1.7084777
1.5815507,-0.4028628,0.7259568,0.3858593,0.27270606,0.60086477,1.4635231,0.7453048,-1.1776732
-0.015382306,-0.7433331,-0.77393883,0.54322374,0.39543003,0.5887995,-0.016234301,-0.49036875,-0.22487879
0.119083144,0.42895952,-2.5305593,0.33103442,0.2381216,0.64907765,0.21076626,-1.6176748,-0.04519113
1.2438705,-0.8018446,-1.0136391,0.38363,0.29742706,0.6189711,1.0975739,-0.37302187,-1.0374093
-0.7439236,-0.025570372,1.3098148,0.32464963,0.30654454,0.67773783,-0.6784889,0.7117804,0.45280883
1.1234174,-1.0349244,0.4676943,0.47073936,0.26387185,0.62696075,1.051912,0.53217745,-1.0751489
-2.036407,1.307353,-1.4465169,0.3797704,0.47912878,0.5649797,-1.7986342,-1.2182567,1.7195817
0.5512806,-1.2415037,-1.5816227,0.47465745,0.3305171,0.60502386,0.5029761,-0.8372818,-0.7604979
-1.2378958,-0.26634818,-1.1408095,0.5586597,0.41672483,0.63773715,-1.0836245,-0.9949982,0.6387586
0.5545087,-2.3902597,-0.92248183,0.33225024,0.26691875,0.5952753,0.59804183,-0.49126402,-1.1556537
2.3232489,-0.27136517,-1.9782913,0.43455237,0.091146596,0.5828079,2.0012927,-0.77289057,-1.5710605
-0.27403986,1.1587702,-0.719082,0.3726738,0.20424715,0.70353526,-0.24834125,-0.5119276,0.5582959
0.47243276,-0.29507402,-0.38214198,0.4408303,0.34022078,0.59334004,0.4208101,-0.14393684,-0.3702869
0.79101837,0.34389287,0.08294494,0.4008739,0.31550086,0.64692223,0.7112077,0.19134966,-0.37206435
0.3506133,0.71357906,0.60704243,0.4636417,0.3349468,0.59313357,0.30114472,0.46135643,0.025337085
0.01012634,0.63757885,1.0167506,0.4648521,0.32388115,0.55670047,-0.016221553,0.6584729,0.19516614
1.66577,-0.36209825,-0.81393415,0.3855402,0.20274839,0.6695517,1.4513395,-0.1844717,-1.1796386
-1.5845982,-0.56483215,0.95469373,0.15653142,0.24765214,0.8783157,-1.379963,0.36244008,0.87427676
-1.1757821,-0.54172647,-0.9531962,0.5348984,0.38625386,0.62741935,-1.0090374,-0.8942368,0.50529814
-0.060283758,0.028307129,-1.0103778,0.45135498,0.32549632,0.6618487,-0.046082444,-0.64599955,0.08309894
-1.3421249,0.2650839,0.039315563,0.44933906,0.430142,0.6576104,-1.164691,-0.21253476,0.890326
0.5972311,-1.7787268,-0.34494647,0.4348843,0.2970785,0.6625956,0.5880759,-0.10023542,-0.9792554
-0.74024755,-0.051619373,1.5044899,0.28634846,0.28312135,0.6637096,-0.6857434,0.8406191,0.45547304
0.36715627,-1.4593017,0.70503443,0.50049686,0.21830228,0.6426331,0.34353614,0.55955327,-0.72154367
0.1499937,-0.22157133,0.045133084,0.47741032,0.38558012,0.5725689,0.13700673,0.059274595,-0.16317725
-0.5592119,-0.18333209,-0.7684255,0.54159343,0.43909842,0.62607366,-0.48482442,-0.5947125,0.29507878
0.045008663,-0.52885157,0.045370765,0.51456827,0.38775784,0.58362067,0.04321893,0.028525539,-0.2103554
-0.9518758,0.004804822,-0.4069994,0.5398678,0.4574111,0.6188389,-0.821475,-0.44019136,0.572489
0.050513864,-0.9006091,0.44767043,0.52182096,0.29148036,0.64957637,0.046540033,0.2882558,-0.35079053
-1.6155279,1.4928952,0.456342,0.3707025,0.27332675,0.61900735,-1.3629767,-0.009460151,1.4841549
0.124079295,0.046654847,-1.7547194,0.426836,0.25173607,0.6762943,0.14123976,-1.1061883,-0.06021934
-1.0019159,0.9312465,-1.0807097,0.435996,0.30954772,0.6691398,-0.8899065,-0.8376777,0.9261615
-1.1688297,1.2430184,-0.5798784,0.4197333,0.28042555,0.658216,-1.0484644,-0.5293138,1.129069
0.49936897,-0.0164543,-1.712136,0.38849807,0.20844719,0.67448807,0.47268617,-1.0080156,-0.32246226
-1.1648474,0.285644,-0.6269385,0.5449772,0.436331,0.6531009,-1.0211189,-0.59528553,0.7970197
2.0478382,-1.1909441,-1.8333293,0.4479459,0.25208402,0.47338694,1.8016028,-0.6976123,-1.6474988
0.20917748,-0.16938393,1.1951854,0.4668168,0.33781177,0.58224493,0.16253896,0.8035412,-0.20793653
-0.12442076,-0.2558688,-0.042433325,0.49701756,0.4173951,0.5676993,-0.102807,-0.053433806,-0.007897951
0.7600276,-0.52785003,0.37195954,0.48651117,0.3069796,0.6078763,0.69842947,0.38894674,-0.6728653
1.5985531,-0.42096043,-0.2804856,0.40010375,0.23901637,0.6579069,1.4269212,0.13245094,-1.1545333
0.77665836,-0.025134427,-2.3192933,0.3780707,0.16600275,0.6897998,0.75821126,-1.3404546,-0.58474374
-1.4738272,0.9886705,0.915937,0.32951692,0.2848351,0.63591695,-1.2406591,0.31515065,1.2309493
0.40901276,0.4320644,-0.09751596,0.39731947,0.30946434,0.62797976,0.36111283,0.017251588,-0.08792938
-1.1683131,0.17789754,-0.12851079,0.49873647,0.44537592,0.63056195,-1.0114702,-0.29300335,0.754081
-1.0056037,-0.66930467,-0.19565877,0.47669625,0.39268363,0.64706206,-0.85119236,-0.39624003,0.36610904
-1.2339242,1.2910686,-0.35987452,0.4177636,0.28116515,0.6535857,-1.0993437,-0.40159717,1.1827605
-1.2034549,0.041150972,-0.39946815,0.52947736,0.4548477,0.6440189,-1.0446494,-0.48752835,0.7293743
-1.1229035,1.489633,1.0967836,0.3420043,0.22242126,0.54100657,-0.93840426,0.44935146,1.1470109
-0.57072914,0.6467556,0.6389122,0.43157127,0.34808272,0.5684825,-0.50174284,0.31850377,0.55275184
1.5219418,-1.3753948,-1.3313386,0.40660152,0.35124642,0.5285739,1.3657175,-0.5309169,-1.4144042
-0.48728764,0.37813216,1.3050185,0.38603002,0.31674755,0.59207976,-0.45120305,0.7416425,0.41246048
-0.7575553,0.5391281,1.1242386,0.3694331,0.32309276,0.61324155,-0.66615164,0.5806838,0.6286929
2.3580058,-0.8503466,0.7179647,0.19496116,0.28684878,0.557118,2.086944,0.87588835,-1.8293979
2.0902293,-1.2070249,0.04992627,0.30880988,0.36609557,0.6494227,1.8707521,0.4311963,-1.7447487
0.084220394,-0.1004993,-0.3143112,0.45612848,0.37915483,0.5825589,0.08012868,-0.17335892,-0.0641419
0.667827,-0.14607573,1.4703338,0.48203766,0.3372482,0.5368463,0.59505403,1.0416836,-0.49907216
-0.53340155,-0.30971754,0.3088687,0.48749614,0.4135033,0.6104548,-0.46261233,0.07399045,0.20211205
0.9821833,-0.6496745,-0.7257684,0.41278827,0.29388878,0.61770046,0.8712627,-0.25072423,-0.8136593
-1.1718527,0.8297519,-0.18138461,0.4684783,0.35275868,0.6344726,-1.0275525,-0.27901897,0.98680544
1.0351341,1.5197537,-0.5968928,0.28362972,0.1633343,0.87850964,0.97922975,-0.3478671,-0.2560804
2.5872552,-1.6500077,-0.14076339,0.32697606,0.37927216,0.62670755,2.264521,0.38337347,-2.2274334
0.38785613,-2.0663836,0.96876454,0.45211163,0.29572183,0.569648,0.34482956,0.765574,-0.90903515
-2.0735862,1.3179176,0.44891876,0.3545273,0.26970792,0.6518906,-1.7610922,-0.07957971,1.7320299
0.012626563,-0.22044703,-0.674419,0.47599447,0.3809235,0.6070182,0.014494255,-0.41442302,-0.050244812
0.8852095,-0.07542022,-1.4663736,0.34851605,0.1778884,0.65564823,0.79181284,-0.77161443,-0.58396375
0.25465098,0.13103303,-0.22181718,0.4180529,0.33963504,0.5982075,0.22794808,-0.08289556,-0.0905421
-0.17475753,0.59289753,1.0831953,0.4460975,0.32099146,0.5587313,-0.17887762,0.66413975,0.29046127
0.7901444,0.20469216,0.28691941,0.42625755,0.3325873,0.6245214,0.7153062,0.32592446,-0.4268417
0.020425461,-0.4804783,0.8295942,0.48093486,0.32847708,0.6268506,0.0059995204,0.53407645,-0.19640177
-0.26145843,-0.7710783,-1.23848,0.5581628,0.3752404,0.60504144,-0.23793532,-0.8295007,-0.08916017
-0.70079523,-1.0160902,-0.18006203,0.50274223,0.33248067,0.6346695,-0.5871401,-0.32808658,0.06598998
-0.034694098,-0.5852338,-0.13877654,0.52400017,0.40140957,0.57894653,-0.026934609,-0.10662009,-0.17567477
1.1675347,-0.040436525,0.07231096,0.40290028,0.2850402,0.6442815,1.0585468,0.2562614,-0.7571355
1.2639087,-1.0043736,0.51241165,0.45006275,0.26454952,0.6198298,1.1818954,0.58392704,-1.1561999
-0.7635674,0.91534656,0.027835349,0.44088906,0.30743265,0.6002438,-0.6727196,-0.07761879,0.77374303
0.88104415,-0.16556291,0.87671465,0.46470147,0.32941806,0.599252,0.8123837,0.72267437,-0.6436938
-0.7528859,-0.5178786,-0.7216045,0.5544404,0.43871504,0.6132146,-0.64987135,-0.63970184,0.27729747
0.09929723,1.0648444,-0.52650535,0.3570089,0.2083435,0.71087396,0.08566865,-0.3352656,0.3005956
0.9630518,-0.2251178,-0.41955987,0.39533353,0.2715294,0.63527703,0.8555375,-0.08119027,-0.66525143
0.4397623,-0.14442046,0.5268617,0.4761058,0.3523563,0.5944467,0.39430732,0.4219695,-0.33578515
-0.2512106,-1.3788946,1.1807914,0.38273066,0.2171896,0.6686359,-0.23433377,0.7445761,-0.2836723
-0.37415224,0.46259052,-0.46808943,0.44323662,0.3291325,0.6322775,-0.3222667,-0.33566436,0.40544197
-0.27742395,0.49535322,-1.0034246,0.42009982,0.27494377,0.69427997,-0.23120843,-0.6858405,0.3587361
-1.2558992,2.5468118,-0.053414825,0.34096345,0.26388645,0.6078845,-1.1073861,-0.30248886,1.603394
-0.78542167,1.0608914,0.54175746,0.4095553,0.29826376,0.57059443,-0.6855361,0.22141846,0.8222767
1.447596,-2.4001887,-1.4835228,0.40355664,0.32566088,0.4786241,1.3817538,-0.7298794,-1.6977359
-0.1410151,0.12819172,-0.4057625,0.45125496,0.3703096,0.60055393,-0.11523414,-0.26577872,0.15362868
-0.67826545,0.36588663,0.81749344,0.41781604,0.36792713,0.60694927,-0.5950087,0.4026511,0.5192044
0.7678318,-0.9571232,0.8473262,0.49704033,0.25364017,0.59236073,0.7077225,0.7122456,-0.83361566
-0.053282708,-0.4226638,-0.64343864,0.5117996,0.40938818,0.5926525,-0.045671776,-0.41350654,-0.08520858
-1.9397684,-0.6692653,0.41146064,0.15136042,0.28731623,0.89912695,-1.629139,-0.12811443,1.0474232
-0.64745164,0.5818294,-0.12757564,0.4636006,0.35513133,0.59564114,-0.56248814,-0.16083318,0.5959656
-2.30064,1.5562347,-0.7564584,0.36761576,0.38443947,0.58875513,-2.028201,-0.83217573,1.9716976
-0.35420105,0.22079825,-0.632699,0.46724898,0.36204067,0.63624763,-0.30133754,-0.44641742,0.31632903
-0.8620344,1.5402608,-1.0705098,0.34733713,0.2614171,0.6338299,-0.78067535,-0.82689655,1.0361693
-0.67401206,0.55033916,-0.24410671,0.47134596,0.35731852,0.6079532,-0.58528954,-0.23914641,0.6033321
0.13301475,0.528692,-2.037188,0.3498963,0.21408859,0.6647221,0.19724874,-1.331655,0.032816418
-1.2806733,1.1240077,-0.78581595,0.4293551,0.3184647,0.65424854,-1.1452159,-0.6802043,1.1584871
-0.16954549,0.3703351,-0.65338886,0.42313623,0.30945724,0.65298295,-0.14099957,-0.4280776,0.25661197
1.5703984,-1.0653145,-1.5248332,0.41666475,0.2914463,0.53954047,1.3915064,-0.6190673,-1.334785
0.90372324,-0.7655947,0.58064806,0.49150386,0.27226847,0.6091206,0.83974445,0.558452,-0.85469764
0.078097425,0.09311343,-0.24912672,0.43580103,0.36080107,0.5882424,0.074348584,-0.12983863,0.005224064
2.1869533,-0.88405913,2.0802028,0.28729022,0.28693807,0.526281,1.9573303,1.6072463,-1.7219651
1.6260967,-1.0854901,0.8123583,0.3671916,0.26864892,0.5828074,1.5029519,0.8302293,-1.4156066
-0.22022615,2.0007806,-0.124776974,0.39830488,0.20184422,0.69092333,-0.23180105,-0.15393116,0.7858659
-0.46535143,-0.6634249,0.58554024,0.4639511,0.32604623,0.6836678,-0.4126407,0.26030767,0.045211725
-0.1740457,0.48337352,1.0201218,0.4478896,0.3347389,0.5686122,-0.17480116,0.624766,0.2545934
-0.42320687,2.1533809,-0.52520585,0.34029233,0.22258623,0.68152493,-0.41249377,-0.46560135,0.95820177
0.8673915,-1.534629,-0.708361,0.41221243,0.35794163,0.6270895,0.8122547,-0.27633145,-1.0672338
1.2531403,0.18826711,2.3443394,0.48743874,0.2856511,0.33532333,1.1512624,1.5459666,-0.78212357
0.16618511,1.0754688,-0.3524838,0.36918148,0.2230061,0.701784,0.13999568,-0.2056934,0.26620284
0.07912816,-0.9417742,0.5025066,0.519515,0.27789855,0.6539729,0.07222169,0.33303136,-0.3823152
1.3208148,-1.0398442,-0.4778038,0.40693063,0.34613505,0.6543696,1.1975089,-0.040512696,-1.1766863
-0.88321924,1.9126301,-0.7015811,0.34299558,0.2504902,0.63635075,-0.81792575,-0.6040672,1.1721658
-1.1124759,1.235499,-0.8736429,0.40513748,0.2852261,0.6541038,-1.0000175,-0.7146623,1.0940652
0.10032808,-0.7370002,-0.28415334,0.5307259,0.38144898,0.5817032,0.09169113,-0.16768742,-0.30580354
0.114163436,0.4097162,-0.88991517,0.37875655,0.25260264,0.6843004,0.11273666,-0.55131257,0.09239877
0.15228829,-0.15626892,-0.61031187,0.44883102,0.35743305,0.60646516,0.13764787,-0.3463944,-0.11429163
0.6971909,0.8641183,-1.539295,0.2576052,0.12252035,0.69934416,0.68496877,-0.98643136,-0.23384514
-0.41069806,0.27759293,-1.7458322,0.45079818,0.3042723,0.66436493,-0.33743387,-1.1953888,0.34234038
-0.25642973,-1.1391147,0.58913946,0.49086216,0.24206486,0.71048665,-0.22215994,0.31402582,-0.23140693
-0.085664116,0.01564073,0.015344204,0.46695507,0.3971859,0.56553996,-0.068968296,0.0023673028,0.06481268
-0.91963047,1.1870974,-0.09674005,0.42697698,0.2677171,0.6312797,-0.81841916,-0.18262625,0.95770013
-1.1856108,0.6381754,0.07548562,0.45901465,0.3913453,0.6204326,-1.0281278,-0.13382931,0.9250095
-0.07100493,-0.25678074,-0.36586168,0.4918511,0.41145164,0.57767653,-0.056113683,-0.2411356,-0.025398917
0.46107897,-0.20666665,-0.34699985,0.43213707,0.33772606,0.5959648,0.41079313,-0.12492505,-0.33336967
-0.7449424,-0.2322397,-0.18879676,0.5226151,0.4574471,0.5948086,-0.6377713,-0.28264412,0.36423045
-0.38592064,-0.9058706,0.63719165,0.46674082,0.2759083,0.7086139,-0.3422091,0.31323847,-0.078139886
0.65918094,0.4555363,-1.0536722,0.3057325,0.18033597,0.70206076,0.6003558,-0.5993403,-0.2649229
0.7131981,-0.2950643,-0.4549535,0.4157463,0.30413535,0.6113174,0.6333504,-0.14497894,-0.52255476
0.0032645678,1.1766537,-0.48298588,0.36525828,0.20460969,0.7080612,-0.005592227,-0.31975833,0.3956328
0.25940186,-0.30538175,0.96766746,0.4796023,0.33663195,0.5997075,0.21825214,0.6712537,-0.2882258
3.0610075,-1.3442082,-0.15932682,0.28900024,0.3354623,0.49497432,2.6072254,0.5175673,-2.4576159
-0.78769165,-0.53668624,-0.5621398,0.5438819,0.43829277,0.610321,-0.6755013,-0.5541508,0.2874993
0.22634645,1.240823,0.97091866,0.5072309,0.28413117,0.537344,0.17259075,0.67131984,0.25639746
0.40348092,1.5310019,-0.16304523,0.38845223,0.21017961,0.7617498,0.35860318,-0.07453965,0.24256757
-0.8622882,1.580282,-1.9371368,0.272843,0.33904895,0.55137753,-0.72488725,-1.3693881,1.024598
-1.2644696,0.76079917,-0.5695262,0.4912558,0.37070662,0.6596253,-1.119743,-0.5425644,1.021488
0.18868381,-1.0293036,1.9286728,0.3507133,0.27577987,0.445463,0.10789122,1.2276713,-0.4602138
-1.5935267,0.44900116,1.0539409,0.24942213,0.2825762,0.73178726,-1.3704195,0.41868234,1.1602042
0.97027916,-1.010028,-0.35494763,0.45600712,0.32450214,0.6299454,0.88891435,-0.027357444,-0.9432319
0.55914724,-0.03478199,-0.059151586,0.42670518,0.33305988,0.6023684,0.5003127,0.07092102,-0.346894
1.5635295,-2.530446,1.1721356,0.3911075,0.36230624,0.5622583,1.332846,1.0746621,-1.7527509
-0.701751,-0.4865717,0.65835804,0.42012352,0.33995867,0.6996693,-0.6197426,0.26616263,0.2511684
-0.20171821,-0.43480423,1.3670907,0.3949688,0.2943788,0.6140101,-0.21832271,0.8409536,-0.026658408
1.2567171,-1.0932726,0.7747397,0.44533688,0.25573808,0.5917928,1.1728109,0.7539567,-1.1842251
-0.059925146,0.62592953,-0.10710379,0.41112244,0.30660254,0.6083199,-0.05694226,-0.054898024,0.2669102
-0.46486998,0.5123288,1.8205743,0.3160653,0.2572086,0.5101547,-0.45433223,1.0412592,0.44916186
-1.066974,0.9827859,0.7132143,0.37923816,0.3140663,0.5953568,-0.91073745,0.2681417,0.9648868
1.264127,-1.3976719,1.0542603,0.43241897,0.26445138,0.5467163,1.162906,0.9375557,-1.2737108
-0.16147195,1.2367673,-1.2066203,0.32906014,0.19707882,0.6949142,-0.11523551,-0.8622657,0.487049
-0.8941771,0.44599962,0.5212187,0.4300108,0.39043954,0.6012192,-0.77205616,0.18124606,0.67788833
-0.7870431,0.58585846,-1.7796407,0.43237618,0.3383172,0.6340009,-0.67621374,-1.2674124,0.6630208
-0.26662207,-0.93118745,-0.19224517,0.5429395,0.3575496,0.6061951,-0.2262712,-0.21156737,-0.16084343
-0.12991695,0.30769667,-0.7013806,0.42429322,0.3122007,0.654083,-0.10559811,-0.4540244,0.21310881
-0.5230719,-0.18878481,1.1374279,0.38986367,0.32420552,0.66332215,-0.4840715,0.633106,0.24892598
-0.36336082,1.3562257,-0.24698186,0.39859873,0.21272035,0.6679599,-0.34800547,-0.20359913,0.6812037
-0.2860858,1.5202609,-1.2332084,0.30944413,0.210791,0.6689931,-0.23464425,-0.90636015,0.65001893
0.96155447,-0.66275656,0.8614056,0.47991326,0.27984372,0.5903834,0.8920411,0.7435411,-0.8673568
-1.8685968,1.2267979,-0.74959564,0.39581096,0.3927756,0.6322521,-1.6588738,-0.75582755,1.5640745
-1.5244968,0.359862,-0.45136902,0.4976624,0.44416222,0.6777559,-1.3429519,-0.5501189,1.0332669
0.31822488,-1.1019053,0.07776123,0.5386988,0.28529102,0.63431805,0.29711902,0.11148531,-0.57656145
1.4720447,-1.6930845,-0.6951639,0.3612118,0.3962851,0.6317034,1.3486282,-0.19698957,-1.506348
1.1739904,-1.3142265,-0.24712703,0.41964138,0.35303915,0.67379427,1.0888351,0.06813219,-1.1813297
-0.3232004,0.8681195,-1.9225962,0.34987062,0.26301134,0.63492584,-0.2229454,-1.3256602,0.44226107
0.23031613,-0.64559615,-1.9579389,0.49137053,0.29633164,0.65402085,0.21185629,-1.1558869,-0.3591549
0.4025937,-0.8842333,-0.6717174,0.5095153,0.35415003,0.5854783,0.35986757,-0.33195695,-0.5315982
-0.69972616,-0.5239704,0.1402214,0.4864723,0.40459412,0.6324965,-0.6022739,-0.08930285,0.23114988
0.6887172,0.1453426,0.9852504,0.47053865,0.34896278,0.58947325,0.6247161,0.7536613,-0.4061288
0.5630186,1.3650221,-0.4818244,0.32728463,0.18649124,0.7957215,0.520712,-0.2884484,0.0692719
-2.2199574,2.5081797,0.9043524,0.42010438,0.19051166,0.47347772,-1.8346589,0.033854395,2.147982
0.7473126,0.025386356,0.7252414,0.46189833,0.3438543,0.60311955,0.6821578,0.6015048,-0.4810467
-1.6899283,1.8347213,0.4574062,0.37335002,0.24682274,0.599636,-1.4175687,-0.048993498,1.6397967
0.06773848,-0.7177983,0.0030333416,0.5295759,0.367451,0.5951419,0.063408256,0.002808027,-0.2894073
-1.5207775,-0.6281272,-0.1442219,0.36138213,0.34779808,0.73708415,-1.2792213,-0.4770696,0.70752484
1.0824733,-0.99097896,0.621132,0.47574347,0.25574267,0.6100092,1.012216,0.62424374,-1.0406114
-1.2472273,1.780272,-0.7162749,0.34542912,0.27863348,0.61713827,-1.1296924,-0.6490567,1.3594326
1.7916961,-1.7988935,0.2639459,0.33080357,0.3701954,0.7259811,1.6326216,0.48314574,-1.7257397
-0.43967974,0.20536113,0.008261855,0.4757422,0.4085217,0.5668335,-0.37519664,-0.05980496,0.33916026
-1.8289988,0.27982578,0.678087,0.22637515,0.30779296,0.7811612,-1.5787338,0.13883445,1.2579736
0.43005934,-0.5363879,0.53365487,0.5020535,0.32390255,0.607284,0.38840282,0.42769352,-0.46982625
0.011723472,1.0976253,-1.1527077,0.3253914,0.18500689,0.71064067,0.04312461,-0.8019227,0.33650902
-1.5157664,1.4148264,0.013481596,0.39064303,0.2935068,0.64685726,-1.316645,-0.23434174,1.3969878
0.40253636,-1.6500288,0.3826875,0.5049045,0.23467034,0.6776103,0.39135194,0.35411564,-0.80237734
-0.51159173,0.72250396,-0.2871204,0.43800914,0.30423486,0.6250435,-0.45099753,-0.23475045,0.5688641
-0.6198725,0.8954879,1.8717877,0.29134038,0.2007424,0.48927465,-0.57249635,1.0260335,0.64949334
-0.100668974,-0.59200376,0.34661072,0.5123524,0.3627422,0.61732554,-0.088992506,0.1858638,-0.15406221
-1.9881395,1.4323882,0.383852,0.3677568,0.27445516,0.6404936,-1.6875348,-0.11153869,1.7105112
1.0263987,-0.2547186,0.84335405,0.4559706,0.31509158,0.6015743,0.9525413,0.7277552,-0.77077687
-0.72507614,0.3471154,-1.2848117,0.49257916,0.3507806,0.6844381,-0.6317785,-0.94293165,0.5708895
-0.876813,0.9050972,-0.19567752,0.45316815,0.30684006,0.626773,-0.77397746,-0.23371825,0.84022695
-0.9761108,1.2701708,1.2223173,0.3379087,0.22931631,0.5493907,-0.8280863,0.56864643,0.9861959
0.75842863,-0.93536514,1.5565431,0.47766334,0.294946,0.4920395,0.67503786,1.1194601,-0.82027125
-0.3758065,-0.69355863,-0.12084917,0.5314349,0.4035465,0.5982255,-0.32313985,-0.18614253,-0.014360145
-0.8896346,2.7191498,1.0983152,0.36590576,0.19521075,0.41601154,-0.74314415,0.3874312,1.3390607
-0.34532633,0.65407383,1.2445625,0.41595116,0.3006864,0.55442786,-0.32924867,0.72889376,0.41114506
0.57888514,-0.38231933,-2.298772,0.42980218,0.229158,0.6882467,0.56095725,-1.3194137,-0.5448364
-0.47269538,0.6563508,0.7371428,0.43208224,0.3390526,0.56634146,-0.42170006,0.39665768,0.49589762
0.13291463,-0.014804037,0.80748034,0.47430548,0.36092436,0.59233946,0.10714452,0.5434942,-0.10369272
1.9531515,-0.91286564,-1.0195868,0.40219072,0.32096538,0.6053542,1.7044632,-0.2390626,-1.5417168
0.11278774,-1.6129786,1.137719,0.42810053,0.23425314,0.58912694,0.094985075,0.79709554,-0.59687567
0.36035088,-0.9774397,-0.5511145,0.5226428,0.3474981,0.5877205,0.32640874,-0.26971957,-0.5442758
0.81431425,0.19096567,-0.25734037,0.37378675,0.28276348,0.65590656,0.7249009,-0.021305673,-0.4317361
-1.0518217,1.5637609,-0.06428592,0.3939108,0.24169019,0.64211917,-0.9375084,-0.20322049,1.1587522
1.3606035,-0.5165696,0.0021277487,0.4292009,0.26547122,0.63369375,1.2405614,0.26392937,-1.0399699
0.077516355,0.22077714,0.51205057,0.46103022,0.36810702,0.5762532,0.063295,0.34876588,0.022669107
-0.09110932,0.7705492,0.030422056,0.41583517,0.29853514,0.60312986,-0.09054093,0.028624076,0.33116704
-0.80820745,1.5042788,0.91881263,0.37278593,0.23467053,0.5363661,-0.69986874,0.41662592,0.96047616
-1.8322601,2.1604888,-0.0013720449,0.36243027,0.26229006,0.6075785,-1.5823616,-0.34086275,1.8465322
1.973071,-2.8095539,-1.4426267,0.3637908,0.34862342,0.42490423,1.8667015,-0.6717477,-2.1567914
2.1863985,-0.76706976,1.502561,0.2386643,0.29640853,0.5587181,1.9667866,1.2884909,-1.6931432
-0.28379285,-0.3256782,-2.581267,0.42474556,0.30951375,0.62328744,-0.22939126,-1.6369066,0.015465729
-0.28753012,0.20116557,0.076223314,0.46449327,0.39666086,0.5635248,-0.2452033,0.010348313,0.2472049
-0.9134614,0.53568774,-0.51629835,0.502819,0.37136564,0.64433765,-0.7991298,-0.45533022,0.74079424
-0.37167108,0.49608752,0.052392874,0.4461645,0.3580007,0.572886,-0.32322037,-0.006241381,0.4016517
0.7355139,0.059686832,0.5473012,0.45367852,0.34289813,0.6074373,0.66934633,0.4858081,-0.45387924
-0.4279847,-0.4675164,0.9071704,0.43001163,0.31893712,0.67815816,-0.39270365,0.49392754,0.09113399
-1.1893878,-0.6841652,-0.035729583,0.41624033,0.3658909,0.6946975,-1.0047847,-0.33586842,0.4784529
-0.025043357,-0.6431037,1.130253,0.44248527,0.28640914,0.6275561,-0.046614625,0.7251854,-0.21642867
-0.6099054,0.79196453,0.96073,0.40354288,0.3110673,0.5700189,-0.53987986,0.5060679,0.61841995
1.8393735,-0.92983186,0.49017376,0.3315398,0.28360128,0.6007412,1.682013,0.6603619,-1.4988782
0.47929075,0.092064954,1.7830465,0.47907227,0.3212098,0.46035013,0.39495325,1.1779938,-0.2902827
1.1840582,-1.9209466,-0.91311747,0.36091274,0.36310488,0.5941442,1.1126282,-0.3876427,-1.4037764
0.31962585,-0.5391549,0.14411585,0.5044385,0.3546636,0.59211385,0.28922522,0.15222831,-0.38596374
-1.2529521,0.40147156,-0.42517224,0.52234304,0.43016577,0.6489552,-1.097942,-0.47331908,0.88631153
0.6459273,-0.6512799,-0.4222861,0.46776795,0.33074862,0.5942224,0.57970065,-0.1318816,-0.6058041
-1.6381031,-0.2114039,0.8343768,0.1825944,0.2799679,0.8350897,-1.4236003,0.26634616,0.9947473
-1.5576153,-0.2901237,0.77915776,0.20084532,0.28875822,0.8318575,-1.354031,0.23088518,0.9076056
1.9160466,-2.2986488,-1.6385267,0.42439288,0.36233813,0.40370923,1.7789689,-0.7189647,-1.9426355
-1.0493032,0.52147627,0.106497966,0.46808726,0.40230328,0.6044595,-0.90716475,-0.095849305,0.8019684
1.4279598,-0.22310604,-1.1620221,0.3559783,0.166372,0.64620113,1.2407092,-0.45880458,-0.9864504
-0.25261745,0.0785992,2.4114273,0.24264166,0.25616232,0.40329617,-0.32082504,1.3747737,0.19878384
-0.10324625,-1.2417219,0.65107256,0.4972445,0.2238114,0.69759274,-0.08545168,0.3994126,-0.3579434
1.1649952,-0.9431491,2.260906,0.51304615,0.32290006,0.39976752,1.058547,1.5125773,-1.0878462
2.5499012,-1.5168189,1.5470492,0.17742208,0.2543942,0.5715922,2.2163525,1.3831979,-2.1440187
0.16733351,-0.14963908,-0.2118384,0.45790333,0.37736356,0.5774834,0.1527619,-0.0950993,-0.13626586
0.571261,-0.17967239,0.21148099,0.45952103,0.34255844,0.5959934,0.5159308,0.24528545,-0.41890436
0.041637354,-0.11838199,-1.5989243,0.46259034,0.28942263,0.6701844,0.049727224,-1.0075252,-0.043609
0.8448337,-0.401261,0.95325017,0.4775843,0.3127061,0.5910194,0.7776497,0.7711873,-0.7047616
-2.9565933,1.1735376,-1.6923016,0.35488772,0.5114228,0.58548313,-2.6019087,-1.5444362,2.2918243
1.9833565,-0.3550632,0.5432498,0.30847377,0.25662312,0.59344184,1.7922673,0.6976327,-1.4156461
0.07569581,-0.24986257,0.15731215,0.48718774,0.3907239,0.57458115,0.07047247,0.11346494,-0.13337868
0.66746247,0.08671274,-0.13774288,0.40244758,0.31209028,0.6238897,0.59549767,0.036714874,-0.371903
-0.5534146,-0.10452894,-1.4598923,0.5273394,0.37648955,0.66093516,-0.48844486,-1.0304515,0.31931886
1.504461,-1.8699007,1.3464366,0.3998111,0.3034469,0.5049152,1.3329955,1.1542932,-1.5425097
-0.9228405,1.9404474,-0.45218754,0.35858563,0.23997131,0.6470182,-0.85115653,-0.45028916,1.2047458
-0.9183579,1.007177,1.4443247,0.3158177,0.2307204,0.56555593,-0.79018635,0.7260823,0.87314594
1.0110673,-0.26499403,-0.28026828,0.40961826,0.27797312,0.6325388,0.9048528,0.015745386,-0.7148474
-0.94826454,0.32706547,-0.5576969,0.5297479,0.4140759,0.64029056,-0.8260339,-0.5028839,0.68862194
-0.10493714,-0.24661158,-0.29270333,0.4942229,0.41640586,0.573405,-0.08521281,-0.20290223,-0.00495369
0.77901065,0.728095,0.30092728,0.41528553,0.3238504,0.66078585,0.70638496,0.32580748,-0.24064288
-0.33626106,-0.26699284,-0.32335505,0.5170935,0.4414432,0.5776245,-0.2859348,-0.27370623,0.123144604
-0.9717295,0.9982535,-0.78275275,0.4402308,0.2863012,0.672879,-0.8684572,-0.63075054,0.9312496
0.08088657,0.18631357,0.5386008,0.46345183,0.36925623,0.5776825,0.06613986,0.3654314,0.0073272213
1.6302481,0.25654042,0.15887502,0.33713487,0.25895932,0.6786653,1.475464,0.3718101,-0.9794348
-1.576759,0.5021011,1.356376,0.23687617,0.2334156,0.7121036,-1.3545761,0.6191368,1.1804123
0.13208443,0.723339,-0.36645406,0.37697798,0.2596289,0.6629479,0.11415692,-0.20276248,0.18229547
-0.2376326,1.0277351,-1.0093074,0.36445278,0.20857608,0.7065114,-0.19760637,-0.7104567,0.48757187
-1.0014379,0.4657666,0.46416143,0.4271832,0.39424354,0.60989666,-0.86340743,0.12745908,0.7502655
-0.11131436,0.45059538,0.6564244,0.45431247,0.3548248,0.56934,-0.10914314,0.4099634,0.21346825
-2.198185,0.3209175,-0.9810933,0.39103013,0.4591751,0.7013821,-1.9525583,-1.0426779,1.4427689
0.82213145,-1.3286904,0.45696554,0.49213833,0.25352505,0.64957213,0.77206975,0.47941148,-0.971313
-0.9217667,-0.5355582,-0.31028637,0.51195633,0.42702937,0.6237326,-0.78545505,-0.43426594,0.36203963
0.5006152,-1.4700339,0.34746084,0.51142514,0.23827463,0.66971767,0.47659767,0.344702,-0.8097079
-1.2574401,0.79920286,0.39252245,0.4053703,0.3617829,0.624439,-1.0805697,0.046389416,1.0241561
1.1707098,-0.39791375,-0.09804456,0.4290659,0.27409336,0.6321752,1.0608684,0.16277146,-0.87232786
-0.02016292,1.7505542,1.3188081,0.5112071,0.20307569,0.42703754,-0.06547216,0.8125433,0.51888996
-0.8082681,1.6169256,0.3361953,0.39284617,0.23297533,0.5972985,-0.71913224,0.07441696,1.0200261
-0.85232747,0.44937193,1.0693935,0.36198306,0.3349619,0.63545847,-0.74577886,0.5314585,0.65908444
1.0488112,-0.5716645,-1.5076227,0.38988817,0.23675881,0.62349343,0.92798346,-0.71843326,-0.8406256
1.315252,-0.9461533,0.86652213,0.4377348,0.25756222,0.579654,1.2258698,0.8147204,-1.1808088
-1.2471106,1.1485381,0.5386708,0.3804357,0.30493903,0.60674167,-1.0614762,0.12722693,1.1347051
-0.76531345,0.24124135,0.2900994,0.4683143,0.41940755,0.58481544,-0.659061,0.052234128,0.5318904
0.9155672,0.1356835,-0.75283504,0.3305176,0.21514271,0.67840886,0.8061604,-0.32551166,-0.51891303
-1.582469,0.8232355,-0.9657216,0.46915147,0.42125022,0.65277475,-1.4095339,-0.85776174,1.2358109
-0.71220356,0.10177996,-0.9871598,0.53186965,0.40339673,0.66519773,-0.6214159,-0.7508285,0.48458067
2.2810225,-2.7379465,-2.2857504,0.43959302,0.3810739,0.37195295,2.132533,-1.0209746,-2.245145
0.58773875,-0.3174763,-1.4550631,0.41092044,0.24768755,0.6505163,0.5245354,-0.7955061,-0.44908124
-0.9397958,1.0043062,-1.4048896,0.39810508,0.3151394,0.64356065,-0.82575077,-1.0466709,0.9063103
0.7523334,-0.54632086,-0.95254993,0.41639918,0.29191887,0.6133785,0.6609785,-0.43485513,-0.6231931
0.111663125,0.26002017,0.09324116,0.43655282,0.35728735,0.5785775,0.09909858,0.09311709,0.031404004
-0.39995566,1.0877472,-0.71151054,0.38860124,0.21767056,0.69559956,-0.360977,-0.51432014,0.6157356
2.0036807,0.1345556,1.0540045,0.28332546,0.3052473,0.62183064,1.8391267,0.9764161,-1.2862101
0.93267965,-0.8973976,-0.35010058,0.4603402,0.31742132,0.62118274,0.8504444,-0.030730605,-0.879473
0.410446,-0.9019027,1.3128179,0.45824787,0.26991844,0.55097854,0.34880316,0.9274038,-0.5818067
-0.1010839,0.3220657,-1.1836104,0.41759488,0.27097812,0.6925267,-0.0714294,-0.7803695,0.19483858
0.9618736,-0.09331524,-2.5810072,0.39244017,0.14912277,0.7024749,0.9281203,-1.4611475,-0.7555628
0.2858659,0.19492628,0.14602795,0.4375676,0.3531197,0.5862981,0.2534616,0.15435565,-0.100483
-1.0756434,1.8659729,0.6076254,0.35887927,0.23004362,0.5704262,-0.91449136,0.15572113,1.2506236
-0.20628454,1.4365124,0.52327204,0.45134377,0.2479125,0.57612073,-0.21409513,0.309233,0.5992119
2.6367497,-1.2044367,0.20067029,0.2251676,0.32501832,0.55553025,2.2859764,0.63637507,-2.1280801
-0.428392,0.17641321,1.1268868,0.41418967,0.34255093,0.61126894,-0.3966459,0.6420615,0.30711743
0.09312544,-0.28652897,-0.30250317,0.47977307,0.3938105,0.5754868,0.08706927,-0.1689375,-0.1365468
-0.80571175,1.2568632,-0.05169647,0.41925836,0.25171298,0.6282639,-0.72328544,-0.13793248,0.91251874
0.02100042,-0.32043663,1.0275629,0.46410128,0.33360535,0.6126919,-0.0017504022,0.66293657,-0.14141276
1.5059777,0.7130681,0.35419443,0.31484738,0.29847836,0.70096064,1.3907745,0.45860595,-0.7581252
0.6652897,1.0317177,-0.7099669,0.29453826,0.17828788,0.77246964,0.6159155,-0.41930416,-0.10353988
0.550377,-0.2876921,-0.39575443,0.43206438,0.328588,0.59882057,0.4897666,-0.13800651,-0.41680244
1.3800294,-2.2296703,-0.76156867,0.34052008,0.34805602,0.60416913,1.296932,-0.3024926,-1.6237756
0.6152337,0.9063423,0.7505382,0.47079137,0.332986,0.6004367,0.5521725,0.59567904,-0.08568798
0.014172209,0.58529735,-1.3265593,0.37142968,0.22027196,0.7005727,0.04659331,-0.88211167,0.18840027
0.21606837,-1.11773,-0.7006633,0.5381162,0.33762914,0.58754647,0.200885,-0.39237025,-0.50887895
2.0460877,-0.9096626,1.2195967,0.2632115,0.2818787,0.5573461,1.8506587,1.118558,-1.6413503
-0.99825203,1.513427,0.9131298,0.3571268,0.23733681,0.5468925,-0.8459168,0.37086752,1.0821581
-1.2644532,1.4397011,0.7774823,0.35718888,0.2571982,0.57821226,-1.0592755,0.24281196,1.2341862
0.7297871,0.20654249,-1.4265189,0.32708806,0.16739565,0.6757875,0.66815555,-0.809221,-0.40016034
-0.5446098,-0.7588947,-0.55109173,0.54581803,0.40855289,0.5962211,-0.46659702,-0.498493,0.06747363
0.9552862,0.726073,-0.7486264,0.2848349,0.17908362,0.76059467,0.8642034,-0.3812074,-0.39091575
-0.07875492,0.19975762,1.7416623,0.40173823,0.3001138,0.4938991,-0.12773538,1.068128,0.10767003
0.04078314,0.57029635,-0.2556033,0.3982119,0.29575652,0.62714446,0.034538615,-0.13699713,0.18980458
-1.0022498,0.8430125,1.9659735,0.2355591,0.17642757,0.5398141,-0.8760225,1.025326,0.89309466
1.1043211,-0.73572,-0.8700674,0.39702886,0.2953856,0.6215761,0.9770553,-0.3131721,-0.9223324
0.20032205,0.3523372,-1.3475845,0.37479258,0.2214494,0.6925112,0.20579225,-0.8529637,0.0033976957
-0.75088614,1.139452,-0.8370667,0.4059207,0.24384929,0.681622,-0.67570525,-0.64188886,0.8434515
0.4411654,0.45714927,1.0583371,0.48017046,0.3426618,0.56873065,0.38259518,0.75830543,-0.1354497
-1.2040237,1.3990171,0.9346515,0.34919125,0.24756181,0.56704754,-1.0068825,0.34717768,1.1784575
0.012340102,-0.37116498,1.1909654,0.44783634,0.31952727,0.60520625,-0.01734431,0.76656544,-0.15032606
-0.2933659,-0.006303386,0.18497404,0.4817136,0.41575235,0.5661211,-0.2508254,0.065295786,0.17178184
0.07088069,0.6097047,0.08880307,0.41993243,0.31947225,0.5969434,0.05565432,0.08833809,0.17816877
-0.26833287,-1.1174216,0.39536905,0.51118636,0.26223084,0.69414145,-0.22908874,0.17377573,-0.22102147
-0.66623086,1.585782,2.0450945,0.29120702,0.09661234,0.39230227,-0.6147532,1.0580239,0.8230736
0.027159076,1.2851987,0.07853519,0.42200845,0.24444997,0.65084875,-0.0006569028,0.06569066,0.42194912
-0.077959485,-1.0881633,2.2827156,0.20769697,0.2481136,0.43431753,-0.15853007,1.38065,-0.2834973
0.5078221,0.44168767,0.29760647,0.43363258,0.3377201,0.6130949,0.4512117,0.28663182,-0.1584388
-0.87811166,-0.36996305,-0.63268006,0.5527693,0.45180976,0.6208993,-0.7570038,-0.6042315,0.40044442
-0.04830232,0.11586232,-0.78107,0.4365672,0.32899788,0.64703906,-0.034724496,-0.49288335,0.102791466
-0.9016617,0.6917145,0.2669006,0.44600236,0.3656546,0.586087,-0.7799266,0.03532078,0.77188146
-1.1218089,1.1653149,2.375056,0.20164451,0.08099467,0.47416657,-0.9722453,1.1959522,1.0400634
-1.2854964,0.882271,0.36234796,0.40459707,0.35166955,0.6245721,-1.1045735,0.02370783,1.0702734
-1.227683,1.4727488,0.7452676,0.35916027,0.2558033,0.57656574,-1.0309564,0.2299986,1.2217307
-1.1445323,0.44716716,0.53016555,0.39922935,0.3902525,0.63796467,-0.9868279,0.14241609,0.8333386
0.98948413,-1.4828175,-0.090275094,0.4360195,0.3295174,0.68561125,0.9309402,0.13601957,-1.1214242
-1.4124221,0.85650605,-0.7783067,0.47385466,0.37985027,0.6606995,-1.257135,-0.70200014,1.1444104
2.1598268,-2.3502219,-1.4514602,0.38452673,0.37482587,0.4010229,1.9753412,-0.57538927,-2.1287613
0.78466266,0.52777207,-0.7693853,0.3030277,0.19651231,0.7197932,0.70399714,-0.39459154,-0.31978872
-0.5836169,0.4202639,-0.41181776,0.47592312,0.36453673,0.62052596,-0.5038265,-0.33546615,0.51106745
-1.9335665,0.29238817,-1.9951774,0.45551467,0.4464398,0.50377035,-1.7020091,-1.603622,1.2452304
0.040519193,0.8992649,0.46616346,0.4488065,0.30867153,0.5830652,0.016362377,0.32344764,0.283318
-0.5563635,0.801074,1.0553893,0.4022208,0.30148482,0.56500983,-0.49797362,0.5732252,0.5874504
-1.0165904,1.4495043,1.0255878,0.3500762,0.2336651,0.5444796,-0.8583793,0.43507573,1.0701967
0.15269679,-0.7203856,-0.67249453,0.52471554,0.38404354,0.5838572,0.13359356,-0.38896966,-0.31787932
1.4543407,-0.78259957,-0.7904679,0.38705269,0.30144683,0.6445965,1.2855817,-0.19977713,-1.1711773
0.4948654,-0.3646416,0.123806536,0.47681496,0.34645024,0.5910474,0.44750214,0.17597024,-0.4326184
0.37310264,-0.6101624,-0.6151208,0.48604676,0.36012465,0.5860714,0.3301329,-0.3049071,-0.41232058
0.20160629,0.10059031,-1.371537,0.40801123,0.25027937,0.67997277,0.19610469,-0.84718573,-0.0679056
0.28772756,-0.49298528,-0.65001756,0.48021817,0.36600274,0.59035504,0.25354117,-0.34428164,-0.31555146
0.83940226,-0.23597103,0.3957826,0.4589072,0.32017884,0.60876834,0.7685763,0.41225415,-0.6226658
0.035223752,0.3556404,0.6892744,0.4612596,0.35773653,0.5755292,0.019900262,0.45524195,0.091195114
-1.4110577,-0.09087185,-0.91170573,0.54706544,0.43851998,0.66185725,-1.2372851,-0.87637234,0.80185276
0.9520838,-1.3531913,-0.41215888,0.43420827,0.3473819,0.6493577,0.88525075,-0.073785454,-1.0534049
1.1606905,1.3164974,2.079292,0.49599075,0.19863346,0.29062468,1.0570151,1.402544,-0.4005598
0.13913536,-0.23238258,-0.010526703,0.47748095,0.38764793,0.57168555,0.12769571,0.022184893,-0.1579831
-0.7462048,1.3290753,-1.1797956,0.36045322,0.25595304,0.65174043,-0.6646907,-0.88411725,0.8935994
1.072549,0.47639993,0.04936728,0.36891168,0.29632315,0.6912207,0.9724656,0.20570847,-0.52103806
1.2448552,-1.0907016,-0.712927,0.39541006,0.35448003,0.63356584,1.1219852,-0.19850114,-1.1430544
-0.11636624,1.3215538,0.9307398,0.47494859,0.25889623,0.52864015,-0.13787723,0.5794821,0.48996577
1.3776587,-1.0785835,1.0384319,0.42244446,0.26103762,0.556614,1.2770432,0.93308854,-1.2600709
-0.16103014,0.6643915,-1.1560985,0.38540205,0.23401043,0.70429766,-0.11957143,-0.7868537,0.3308222
0.19533882,0.26242808,0.3318273,0.44900164,0.35954088,0.57988834,0.17021273,0.25690493,-0.027565964
-0.042267237,-0.086502455,0.3158506,0.4789942,0.39381242,0.574138,-0.03557647,0.19412982,-0.009788595
-0.07332605,-1.4336146,0.42172953,0.5266591,0.21710059,0.69799507,-0.046169393,0.25366515,-0.43870613
0.96790195,-0.7854886,-0.27004513,0.45929113,0.30693138,0.6214145,0.88170356,0.025081746,-0.865674
0.3808077,-0.74147975,0.0813045,0.5186363,0.33354563,0.6029906,0.34676194,0.12542972,-0.492614
-0.6987526,0.44618478,-1.2939987,0.4741085,0.33175594,0.6871467,-0.6065614,-0.9442401,0.5872093
1.3436558,-1.0668548,0.65379965,0.43196702,0.26214436,0.6058494,1.2545666,0.68930244,-1.2287939
-0.55139416,0.121481255,0.2767348,0.47660217,0.42035523,0.5738245,-0.47458416,0.07809309,0.3646511
0.6243848,0.3893339,1.2051575,0.48008436,0.34192482,0.55981934,0.5577817,0.87673545,-0.28135237
-0.27793017,1.7126657,-1.1868563,0.29142708,0.21241745,0.66327316,-0.2337813,-0.88717747,0.70395017
0.39572632,-2.077584,-0.01996821,0.4448586,0.269027,0.68062025,0.41429144,0.08271009,-0.9411088
-0.64121616,1.6943531,0.081445724,0.40126488,0.2159206,0.63069165,-0.5932216,-0.05377014,0.9499241
0.07919373,-0.82833374,-0.06785623,0.53739953,0.35533005,0.5991967,0.07444875,-0.040845856,-0.33298564
0.9954868,-0.008415747,0.38398066,0.4298293,0.31973025,0.62297875,0.91170263,0.4255597,-0.64414454
0.280448,-0.44648218,1.2209783,0.46653348,0.31709507,0.58243096,0.22794846,0.836591,-0.34913185
0.6233097,0.28836972,-0.58808565,0.34707955,0.25120986,0.6708167,0.552876,-0.27127886,-0.27153772
-1.4005864,-0.5218977,2.6641717,-0.01151811,0.11815484,0.6014087,-1.2855386,1.5821674,0.89931613
0.45873004,-2.0858283,0.5367587,0.46011025,0.28781244,0.6603917,0.43837786,0.48823124,-0.9653788
-0.44130704,0.15400817,-0.6589598,0.48837712,0.38393718,0.63472056,-0.3775221,-0.48171714,0.3445932
0.51096165,-0.32011852,0.302643,0.4794573,0.34339887,0.5951129,0.4625334,0.29279602,-0.43535373
-1.2376702,0.7611633,-0.15834384,0.4719865,0.37260878,0.63642055,-1.0831563,-0.2794819,1.0016568
-1.2627057,0.07858631,0.7425825,0.3162897,0.35573262,0.72572094,-1.09989,0.25156313,0.7992881
0.35791937,-0.946514,0.3388842,0.5293542,0.2843039,0.633416,0.3288492,0.29045412,-0.5560489
-1.0906132,0.8565265,1.9640446,0.23428598,0.16840315,0.550382,-0.94526637,1.0122077,0.955992
-0.42590004,0.6948714,-0.6976671,0.42307758,0.27324635,0.67809296,-0.37232792,-0.49585727,0.51232314
-0.076869205,-0.4459573,1.8380239,0.34894016,0.2877159,0.5015022,-0.1372704,1.1346235,-0.09418532
-2.1468265,1.2519623,-0.9051298,0.38146085,0.43244362,0.61536527,-1.9019848,-0.90308833,1.7598803
-0.86150247,-0.10422401,1.4514223,0.26693356,0.27592808,0.6991789,-0.78818625,0.794472,0.5196377
0.883309,0.9195974,-0.6327186,0.29249936,0.18897189,0.7832583,0.80770344,-0.32791913,-0.28326046
-1.4697372,0.7293311,-1.3028136,0.4769443,0.42960286,0.6377575,-1.3058828,-1.0621961,1.1322454
-0.5043457,1.2006348,-0.73374933,0.38857538,0.21558145,0.69258857,-0.4584729,-0.54590297,0.7132021
-0.97016895,0.9803084,0.46836534,0.4097317,0.32029283,0.5870178,-0.8371212,0.14400914,0.9082828
1.0124289,-0.33720982,-0.34726667,0.4121412,0.2773081,0.630039,0.90476793,-0.023063593,-0.73772883
0.4403067,1.6506399,-0.0072126,0.4140707,0.21746206,0.7568289,0.3930483,0.037191857,0.25518712
-0.18483609,-0.88516796,1.3296089,0.37610537,0.24118945,0.63114536,-0.1964349,0.8330246,-0.17810474
-1.237442,1.1018398,0.79340225,0.3578757,0.2940567,0.6030195,-1.0450032,0.27802563,1.1108849
-0.525338,-0.29028666,-0.37018126,0.53240156,0.45507634,0.5871664,-0.4497099,-0.3481122,0.22431019
0.06752549,0.7403428,0.059746306,0.4147147,0.30161268,0.6095797,0.049481522,0.06949627,0.2248309
0.21611306,-0.8848046,-0.29723766,0.53443456,0.35436752,0.589556,0.19685334,-0.14992282,-0.42907843
-0.8646015,0.54354286,0.27698886,0.45414913,0.38751918,0.58388066,-0.74623567,0.042573355,0.69768834
-0.12502114,-0.5340358,-0.63292927,0.5313852,0.4196735,0.58881086,-0.1095072,-0.42718253,-0.085190415
1.4474792,-2.322925,-0.0092521245,0.33603632,0.36737877,0.74261034,1.3260816,0.21238756,-1.6665611
0.47108117,-0.21964826,-0.4531728,0.42685476,0.33073443,0.60097146,0.4183151,-0.18903992,-0.34035596
0.7753807,0.21363294,0.13182269,0.41333437,0.32282194,0.6312306,0.6981843,0.22363672,-0.40806684
0.28115478,0.09664175,0.11612707,0.44282526,0.35879022,0.58281946,0.25066936,0.13378108,-0.13165411
0.35682893,-0.26001024,-0.5174258,0.44147182,0.3458741,0.59689486,0.31691778,-0.2496272,-0.28006393
1.3270931,0.038555894,-1.1106851,0.32778186,0.14335738,0.670093,1.1572313,-0.47557274,-0.84691024
-0.997263,1.1754255,1.4700544,0.3122899,0.20485763,0.5479637,-0.8481141,0.71412706,0.9692428
0.26140353,1.3949152,0.24724509,0.45052958,0.25660098,0.6628396,0.2143313,0.20674841,0.3063131
1.2121546,-1.3357816,-0.6012896,0.39180452,0.37765035,0.6462949,1.1099138,-0.14879078,-1.2123674
-0.63292307,2.0147285,-0.26574033,0.37382454,0.21881014,0.6629086,-0.59857476,-0.30027655,1.0474951
-0.13071276,-1.104114,-1.1370375,0.54960895,0.3226632,0.58302426,-0.107867,-0.73467255,-0.29825944
0.22718537,1.9727483,-0.7252592,0.2900667,0.167613,0.77744865,0.21360038,-0.56068504,0.4530873
-0.03612844,0.29735312,-3.2705808,0.29161555,0.2922,0.64876777,0.09743732,-2.0388634,-0.07239055
0.29130977,0.02820298,-0.81586045,0.40170646,0.2938791,0.6446632,0.26062578,-0.45729974,-0.13565794
-1.9164046,0.5968423,-0.83646256,0.4496467,0.46806931,0.6811591,-1.7082919,-0.85547245,1.360442
-0.6150701,-0.29590285,-0.23693882,0.52753013,0.45604253,0.5874178,-0.5262358,-0.28792807,0.2686629
0.2356255,-0.32691562,1.2384357,0.46427843,0.32679147,0.58108205,0.18512742,0.8370025,-0.27890313
-0.61077136,0.28674683,-0.5840045,0.49605632,0.38370687,0.6350608,-0.52653307,-0.45795497,0.4850041
0.9523099,-0.7642551,-0.9587999,0.40918767,0.30434906,0.6114379,0.84254426,-0.3941976,-0.83119285
-1.0065017,-0.13558884,-0.5824357,0.55346775,0.45909813,0.6320425,-0.8711121,-0.5787107,0.55648446
0.6744668,0.023334406,0.40026766,0.45090097,0.34174395,0.6056285,0.61076003,0.38200125,-0.4207547
0.94759834,-1.388385,0.6351504,0.4733989,0.2540904,0.6277909,0.8863067,0.62301695,-1.0696737
2.2898045,-1.140658,-0.22121213,0.32537165,0.38182992,0.62858844,2.0144053,0.3122167,-1.8552737
-0.5581847,0.10008845,0.31891775,0.4750543,0.4197324,0.5777801,-0.48130757,0.101616375,0.35991874
-0.09878351,-1.3792005,0.79862744,0.47624707,0.2118839,0.692987,-0.08167702,0.51076293,-0.39784193
-0.15179196,0.06823761,0.11811833,0.46809584,0.39919978,0.56361383,-0.12775497,0.055498593,0.1185062
-1.0229534,1.265899,-0.13811858,0.4213501,0.26474673,0.6400159,-0.9098807,-0.22805005,1.0453904
1.1228824,-1.3690163,0.4732681,0.45092922,0.27865177,0.652668,1.0535476,0.54164696,-1.1729422
-2.745461,2.1240163,-0.52012974,0.3954392,0.3135085,0.5340556,-2.408039,-0.76821053,2.449201
-0.710431,1.4042735,-0.68368435,0.38734362,0.22127432,0.6772993,-0.6523255,-0.5429057,0.9025631
-1.0781177,1.3422328,-2.0697267,0.30250978,0.37648776,0.5440897,-0.92205435,-1.4527307,1.0855587
-1.1117787,2.0212212,-0.98096067,0.30569765,0.29953188,0.5773269,-1.012298,-0.8097272,1.3581166
0.6589687,-0.48646465,1.1030527,0.4847412,0.31248018,0.5796908,0.5944812,0.8338195,-0.6128512
-0.6594223,-0.058422316,-1.2029827,0.5401037,0.40342188,0.66387165,-0.57982147,-0.8870294,0.39910653
-0.74134314,-0.4973608,-0.6564117,0.5524497,0.44369823,0.6110184,-0.63898844,-0.5954509,0.27751502
1.6667924,-0.39612272,-0.7447921,0.38799044,0.21363474,0.67111075,1.4561614,-0.1396476,-1.1896192
0.089846335,0.93487024,0.45744264,0.45095545,0.30599126,0.5889468,0.05975187,0.32585186,0.2655466
-0.859809,-0.2241494,-0.15387756,0.5150807,0.4546998,0.60604966,-0.73686236,-0.2868429,0.4325237
-1.0651011,0.36973837,-0.9460294,0.5362041,0.4059042,0.67043567,-0.9384311,-0.77588236,0.7734287
-0.85644025,0.041542068,0.23317131,0.4727759,0.43403542,0.60423034,-0.7375483,-0.016102709,0.5164419
0.52758795,0.651721,0.22336283,0.4233758,0.32124805,0.6351527,0.4677276,0.24015892,-0.09702574
0.3434566,-0.029817382,1.337638,0.47187632,0.33865237,0.5564885,0.2826751,0.9120722,-0.24522692
-1.2645273,0.8393432,-0.7139616,0.4790098,0.35702127,0.66354585,-1.1240934,-0.63393474,1.0501251
0.5704382,-1.8956679,1.3844692,0.43350708,0.29009795,0.4581575,0.48316675,1.0352963,-0.97387457
-0.94097996,1.5819849,0.80702406,0.3651684,0.23689821,0.5496654,-0.8043313,0.31869757,1.0715576
-0.46206036,0.5090025,-0.5407824,0.44943288,0.32334006,0.6452707,-0.4002022,-0.39611697,0.473299
0.6000905,0.020704562,1.1416904,0.4778173,0.3452199,0.5771457,0.5365117,0.8367884,-0.3951271
-0.51956683,-0.090944864,1.8533522,0.26124525,0.2678648,0.56327945,-0.5197156,1.0790865,0.31555814
0.079350226,1.170396,0.25939056,0.43924424,0.27128014,0.62236345,0.047044568,0.1952005,0.35267773
0.10587514,-0.69798696,1.1284982,0.4541627,0.28270978,0.6128971,0.07247692,0.75100577,-0.3193385
-0.26472148,0.8081634,-1.3371967,0.37805218,0.2323853,0.69537854,-0.20365606,-0.9333298,0.42811278
-0.26943082,0.84971803,0.18386874,0.4265194,0.30233902,0.5836667,-0.2493452,0.09853135,0.45966694
0.018142868,0.30766514,-1.556052,0.405187,0.24334496,0.68745136,0.050331473,-1.0157053,0.0961596
-0.99635905,0.416419,-1.0002354,0.52288085,0.38759,0.6751014,-0.8772554,-0.7962848,0.75113237
-0.6845521,1.0290846,0.22381924,0.42661506,0.29212505,0.5850948,-0.6070097,0.053630464,0.76121426
1.043805,-0.3111418,1.0817174,0.46066734,0.3167119,0.587322,0.970509,0.8778157,-0.8067972
2.4014075,-1.5116068,-1.9507322,0.42867857,0.28672564,0.4083982,2.0987866,-0.67848253,-1.9452555
1.222979,-1.6471773,-0.4018234,0.3741446,0.3824521,0.68218064,1.1383039,-0.043494493,-1.3285216
-0.19382808,0.4445913,1.610005,0.40163547,0.28976613,0.5140295,-0.21850975,0.97238886,0.25380263
-0.08772405,-1.3443336,0.36217666,0.5303669,0.22773398,0.6917069,-0.061454527,0.20454688,-0.40349576
1.166189,-0.6038658,-1.2455294,0.37697875,0.2493875,0.61892533,1.0228692,-0.53280294,-0.92161953
-0.57636714,0.24625956,1.5815651,0.32346672,0.29146957,0.5923884,-0.5413888,0.89817166,0.43836603
1.0406444,-1.132803,0.54942185,0.47800654,0.2568731,0.62498635,0.97485393,0.57461613,-1.0541303
1.0276184,-0.0078064227,1.3427441,0.46154994,0.33752248,0.5662098,0.9569318,1.0196068,-0.69136983
0.008340617,-0.23924364,-0.87000084,0.48022985,0.36867553,0.62508976,0.008392386,-0.53898644,-0.04918724
1.4660575,-2.3032334,-2.136969,0.50477445,0.31753042,0.49243334,1.3890496,-1.0686765,-1.6368991
-0.048407745,0.38004532,0.9581408,0.4589736,0.34566945,0.5737007,-0.062250666,0.6087717,0.14447266
0.41592687,0.30872568,1.3982276,0.48083368,0.3307985,0.53147626,0.34871435,0.957862,-0.17570439
1.8572334,-1.0332392,1.9256357,0.35855904,0.29532248,0.50612795,1.6801025,1.4853399,-1.5524712
0.948156,-0.9588665,-0.45194393,0.45110655,0.32577062,0.6216712,0.8629853,-0.09046599,-0.90828025
-0.7293002,1.8240228,1.1052436,0.37176657,0.20035654,0.48741597,-0.6362444,0.51713157,0.9906211
0.6843057,0.6012709,0.4585294,0.43835264,0.33941227,0.6277289,0.6172917,0.41666344,-0.22360346
-0.28659734,-0.49392647,0.61373425,0.48078898,0.35168946,0.64501256,-0.25837678,0.3228104,-0.010654621
0.4188789,0.29484534,1.1310451,0.4787786,0.34441382,0.56781435,0.36076438,0.7988701,-0.1793355
1.3554505,-0.7829897,-0.5333433,0.40735006,0.30455053,0.6496736,1.2137336,-0.06304613,-1.108607
-1.1475741,0.10233722,-0.27454516,0.51954454,0.45246637,0.63251066,-0.9939361,-0.38898155,0.71695334
-0.75759417,1.087496,0.113038,0.42674822,0.2816247,0.6003301,-0.6723141,-0.025946222,0.8260477
-1.3006449,0.3956424,-1.3369963,0.5264487,0.42819116,0.6509882,-1.1537114,-1.0736462,0.91134405
-0.934391,1.2693522,-0.63241637,0.41071737,0.24915943,0.6680143,-0.84560984,-0.5298755,0.99638295
1.0399262,-0.8960283,-0.8175604,0.4113845,0.32368368,0.6154535,0.92867225,-0.2929303,-0.9374767
1.1181943,-1.0491107,-0.60906094,0.41647378,0.34325802,0.6316767,1.0129789,-0.15659507,-1.0470321
0.85934645,-1.6235453,1.2540992,0.4604357,0.26599938,0.4919606,0.7674907,0.99985945,-1.0794615
0.63495827,0.9799161,-0.18175408,0.36646366,0.25242794,0.73185253,0.5714806,-0.03153176,-0.06743447
-0.3582338,0.057505526,-1.2076068,0.48934805,0.34841472,0.6769488,-0.30844152,-0.8309351,0.26767638
0.22361656,-0.812121,0.78088814,0.4980023,0.27799624,0.63086176,0.19504978,0.55130035,-0.4346951
-1.0300268,-0.937036,-1.1499226,0.501673,0.28102723,0.5765762,-0.85641354,-0.9946008,0.27691457
-0.34789795,0.07539125,1.4466053,0.3832094,0.31447107,0.5887541,-0.3453616,0.85648215,0.23336384
1.5542423,-0.6655847,0.78512627,0.39393342,0.26461414,0.5879475,1.4420552,0.78861344,-1.2455202
-1.2200148,1.34057,-0.25730008,0.4124705,0.27416867,0.65069133,-1.0840157,-0.33771136,1.1899631
-1.757887,0.93000317,-0.12755926,0.40800983,0.37889248,0.6807629,-1.5411619,-0.351612,1.3853501
-1.3564129,-0.6598863,0.73754746,0.23552905,0.27591258,0.84479773,-1.1769615,0.21208386,0.65323466
0.2112156,-1.2085075,-0.66549605,0.5366006,0.321504,0.5914225,0.20217203,-0.37295777,-0.54139143
1.0225362,0.71742094,0.22918221,0.3802035,0.3135352,0.6917824,0.93708855,0.3112877,-0.41175655
0.0900835,-0.9414008,0.57940197,0.51331913,0.27107656,0.65501946,0.08071452,0.38791195,-0.3895883
0.29027334,-0.67142534,0.3057799,0.5173061,0.3317853,0.6099307,0.26278234,0.24961916,-0.4203563
0.53250366,-0.4902655,-0.020893127,0.48117465,0.3411219,0.5919057,0.48192596,0.09259012,-0.49439886
1.5315925,-0.516638,0.37087494,0.40672833,0.25902903,0.6121737,1.4095653,0.5242244,-1.1674106
0.9964173,-0.14438856,-0.27189898,0.39734444,0.27574378,0.6398447,0.8898632,0.013646141,-0.66496474
-0.7199238,0.3667164,0.99809194,0.3908718,0.34905237,0.6235678,-0.63507295,0.50918925,0.5473314
0.52014244,-1.047607,-0.13779166,0.52047557,0.30935124,0.61731803,0.48031992,0.018921614,-0.67850953
-0.095542364,0.49346298,-0.5404223,0.4039532,0.2903682,0.65072626,-0.07912516,-0.3426769,0.25041625
0.7278323,1.4376315,-0.23314407,0.35371566,0.21132755,0.8121008,0.6749247,-0.08803159,-0.014468171
0.15609765,0.17604375,-1.031298,0.4001522,0.2699843,0.6742359,0.14834014,-0.62973225,-0.005597137
0.16255972,-0.016272414,-0.63615596,0.42740858,0.33481264,0.6209577,0.14768618,-0.3613926,-0.07219987
0.28960437,-0.49728423,-0.6019888,0.48132837,0.36800027,0.5876387,0.25589418,-0.31460497,-0.31996906
-0.39910656,0.5045372,-0.10271604,0.4462589,0.3502757,0.58707553,-0.34604722,-0.10621053,0.42531446
-0.47681347,-0.78095764,-1.0475309,0.55722666,0.38563055,0.60016394,-0.41799068,-0.7738223,0.026144318
0.10117966,0.3477287,-0.22438467,0.4105885,0.32614,0.6065473,0.091316275,-0.1077908,0.078208335
-1.2804731,1.0353167,0.40328908,0.3953433,0.32713634,0.6182077,-1.0968386,0.04658041,1.1190575
-0.8611748,1.4375436,-0.8634842,0.37586206,0.2439276,0.6593307,-0.78413796,-0.68333244,1.0045424
1.6668695,-0.8569632,-0.4234309,0.39278877,0.32582077,0.667369,1.4910563,0.06457585,-1.3393282
0.9552892,-1.2472754,-0.24418937,0.4551233,0.32877466,0.65265656,0.88840014,0.035680696,-1.0193235
0.8826871,-1.1930385,-0.50561863,0.45014527,0.34147757,0.62652105,0.81206936,-0.13859746,-0.9505843
-0.0654761,-0.18790604,-0.7273509,0.48190647,0.38415486,0.6151483,-0.05368442,-0.46305552,0.009270422
-0.59517956,0.71702623,-0.5264854,0.44529745,0.2962268,0.6561801,-0.52401644,-0.4035361,0.6187067
1.5791565,-0.76239085,-0.66178566,0.39183187,0.30208737,0.6590589,1.3982469,-0.09743865,-1.2475333
-0.76594293,1.043825,-2.1938293,0.3265948,0.33905518,0.5686362,-0.62686837,-1.5096705,0.7694763
-1.7186633,1.4671255,-1.3795577,0.3491754,0.4138112,0.5554019,-1.5207803,-1.121689,1.5701278
-0.44645888,-0.050905123,0.04070293,0.4955206,0.43449494,0.5686463,-0.38065255,-0.05832544,0.2497252
2.598088,-0.24252589,-0.8640673,0.41479027,0.1743128,0.60926056,2.2235632,-0.011750579,-1.755119
0.3258355,-1.2269442,-0.99920243,0.5167037,0.33252186,0.58909166,0.30208123,-0.5410584,-0.61546594
-0.22878751,0.21300924,0.53667486,0.46160078,0.38320667,0.5732784,-0.2042569,0.30692446,0.20189354
-1.7937754,1.3957199,1.9482908,0.2929504,0.059457477,0.55723953,-1.4910523,0.8383888,1.5419106
0.42252073,0.23642398,0.7974227,0.4711476,0.3543425,0.5891646,0.37182176,0.59107447,-0.19501476
1.7692955,-1.8077521,0.1780542,0.33569276,0.3783248,0.7330214,1.6133233,0.4191279,-1.7158895
0.256861,-0.90466434,-1.0709193,0.52661234,0.356737,0.5944479,0.22416203,-0.6014297,-0.44413352
0.45012775,0.74117273,1.3812258,0.49606925,0.30754295,0.5036774,0.37804663,0.955016,-0.055907078
0.07605974,-0.7862793,-1.7483034,0.5241956,0.3216043,0.6270454,0.06277266,-1.0538538,-0.2997912
0.7502677,-0.04777821,0.085345075,0.4296645,0.3235102,0.6138463,0.6765903,0.19510071,-0.48191178
-0.30539894,0.55023557,0.42063424,0.44459337,0.354336,0.56229043,-0.2728296,0.23209164,0.3700303
-1.9237497,0.001157653,0.5412398,0.18860945,0.30254865,0.83298135,-1.6583422,0.021460563,1.2396692
-2.0735447,1.214958,-0.2362333,0.37847632,0.3572351,0.6720549,-1.8186597,-0.47332934,1.6919729
0.035671286,0.48511243,0.77465427,0.46168387,0.34632394,0.57186335,0.016024701,0.5109651,0.13414574
-0.36561158,0.29114535,-0.19499187,0.46194842,0.38073373,0.58450454,-0.31150687,-0.16671416,0.33440045
0.5885683,0.13547577,-1.8931999,0.36174935,0.17719248,0.67934036,0.57287115,-1.1277069,-0.36291614
-0.00884469,0.4773552,-0.42697978,0.39984164,0.29646385,0.6373026,-0.0046319813,-0.25527725,0.19166964
1.5083328,-0.43045294,-1.4656032,0.38116482,0.18154255,0.60641074,1.3174702,-0.613417,-1.1050373
-0.7657207,0.8321401,-1.7271136,0.39388406,0.31902355,0.63131547,-0.65303856,-1.2344279,0.72984076
-0.028382653,0.049103484,0.1698246,0.4642312,0.38948095,0.5666257,-0.021458432,0.110257566,0.03662572
-0.68759537,0.85825443,-0.100110374,0.44331875,0.30492684,0.60975206,-0.607541,-0.1433098,0.71300805
-0.6823237,1.0308313,0.6848484,0.4091686,0.29624426,0.5615015,-0.5998484,0.3257823,0.74642104
-0.34845108,-1.1899444,-0.021139674,0.5335038,0.28342307,0.64790475,-0.28806543,-0.12968838,-0.20070326
0.39306724,-1.5401386,-1.9345766,0.44911256,0.2751318,0.59863615,0.38145244,-1.0745735,-0.7795158
-1.130118,0.060506973,-0.57421887,0.5509707,0.45472446,0.64399743,-0.9840229,-0.57897246,0.6962795
1.4904085,-0.8243582,1.1723775,0.40336603,0.276003,0.55617094,1.3824204,1.0167135,-1.2600758
-0.7803486,0.16881335,-0.03466925,0.49977466,0.43695837,0.5846684,-0.6693198,-0.15614983,0.52287114
0.90918934,-0.12644869,0.6460257,0.45491356,0.32678777,0.60829234,0.837238,0.5811064,-0.6405411
-1.0547594,0.43451127,-0.61772007,0.5275002,0.40375537,0.65261775,-0.92486614,-0.5540426,0.7873858
0.2597631,-0.18942888,0.8243646,0.48141533,0.3503031,0.59810317,0.22286037,0.5785618,-0.2460081
1.2637659,-0.1843732,0.47399625,0.41996568,0.2930284,0.6204438,1.1663111,0.5313821,-0.88834953
-1.7121598,0.30066285,-0.96986866,0.50698614,0.4627984,0.67286694,-1.521764,-0.9327866,1.1202345
0.043228183,-0.21527335,0.4031414,0.48726165,0.38229048,0.58589005,0.037976004,0.2632743,-0.11060892
0.7144592,-1.4833552,-0.51773185,0.45017016,0.33052334,0.63510036,0.67482316,-0.18239817,-0.95146805
-0.55397546,-1.465619,-0.0732697,0.5152849,0.22955939,0.6545812,-0.44318986,-0.21812743,-0.16966778
0.08121238,-1.4346418,0.5476479,0.5177474,0.21374197,0.68445724,0.08851451,0.38192344,-0.53393847
0.7874465,0.259581,-0.99388874,0.3147148,0.19029227,0.6866937,0.7013719,-0.51769173,-0.4026278
-1.331165,1.9616725,0.13205159,0.35978296,0.24569282,0.6290512,-1.1535145,-0.16811562,1.4570915
-0.69091934,0.11101843,-1.6947542,0.50135636,0.35969332,0.6494673,-0.604009,-1.2016263,0.45981577
0.13035959,-1.0216974,-0.9859499,0.54417205,0.3522309,0.5875248,0.11668988,-0.5803684,-0.41705832
-1.4653461,0.770633,-0.57920444,0.48312104,0.3963954,0.66398185,-1.2999654,-0.5858693,1.1443092
0.19603619,0.93755007,0.27527058,0.43668613,0.2984828,0.6160707,0.15783799,0.22525214,0.20639247
-0.3903395,0.14094906,0.4116551,0.46844333,0.40326142,0.57309985,-0.3393848,0.19474995,0.27418232
-0.8371087,-1.0238342,-0.6122078,0.5069256,0.32134274,0.599484,-0.69185454,-0.63254,0.13779265
-0.45935676,0.03789593,-1.5530202,0.49742535,0.3435042,0.66969633,-0.3975526,-1.0736092,0.30913526
1.0464457,0.52342284,-0.34572893,0.33012673,0.24269387,0.7311945,0.93772143,-0.06739268,-0.49105167
0.6109523,0.3188242,-0.004169157,0.40293396,0.3167876,0.6314336,0.5446511,0.10872987,-0.2589119
-1.4080416,1.7912526,-0.9630158,0.32404438,0.31683326,0.5773385,-1.2654575,-0.82437575,1.4725474
1.3181647,-1.1030586,0.9589837,0.43297684,0.25757736,0.56615,1.2245015,0.87768555,-1.2285087
-0.64080983,-0.22792341,0.8704772,0.40947002,0.3485791,0.6769125,-0.5740208,0.43149337,0.3007856
0.91395605,-0.95708174,-1.0344503,0.41985846,0.33109948,0.60422957,0.8149557,-0.44498268,-0.87602806
1.7463995,-0.81514525,-0.17668049,0.38603902,0.30998987,0.6559428,1.5725166,0.23329666,-1.3814342
0.25555322,0.77457476,0.36035115,0.44269416,0.31962645,0.60409003,0.21450774,0.2891337,0.113466196
-0.483629,-0.7468723,0.8604159,0.42028213,0.27681148,0.71727765,-0.43759018,0.45069167,0.039684184
-0.6628762,0.6059429,-0.03072587,0.4606374,0.35666165,0.58738863,-0.57603306,-0.1031739,0.61058104
-0.1820765,-0.09864523,-0.0075525125,0.48510566,0.4159286,0.56478286,-0.1521405,-0.03613697,0.08117045
0.92249554,0.3952235,1.0571634,0.4529784,0.34733137,0.58899844,0.85365033,0.83082473,-0.4745408
-1.226818,0.94883054,-0.1488546,0.4531421,0.33673227,0.6384755,-1.0767186,-0.26706824,1.0604355
-0.075192854,-0.289083,1.5316097,0.40232205,0.30777064,0.5623297,-0.115430176,0.95887303,-0.056383543
0.66925013,-0.6463683,1.3310249,0.481294,0.30381346,0.5478667,0.59759825,0.9746202,-0.6721371
1.6769788,-0.17593578,0.5725625,0.36252606,0.27114442,0.6168138,1.5385157,0.6566843,-1.1598375
0.3488535,0.23012045,1.2149371,0.47677007,0.34149036,0.5613884,0.29187393,0.8381387,-0.15802187
0.5015075,-0.2115917,-2.485632,0.40694326,0.2228775,0.69377065,0.5108213,-1.4656818,-0.47167376
0.65150565,-0.19417922,1.0774889,0.479249,0.3362453,0.5845231,0.5879,0.80962193,-0.5054766
0.18051568,-0.5406879,-0.57356054,0.5005918,0.38521606,0.58349437,0.15961163,-0.3210744,-0.27050295
1.2235148,-0.19823709,0.7068788,0.42901683,0.30436203,0.61157525,1.1365606,0.67138684,-0.87639344
0.82987726,-0.63551545,0.26292711,0.48778784,0.29701832,0.613016,0.76503366,0.3344013,-0.7499182
0.85233235,0.4919574,-0.2383238,0.35449982,0.26942492,0.6972746,0.7625218,-0.01862149,-0.3623283
-0.883786,1.281135,-0.23853885,0.41908866,0.2468551,0.64856637,-0.7958339,-0.2673919,0.9684491
0.47314298,-0.76743406,-1.1727744,0.481274,0.33351558,0.6074553,0.41470897,-0.6177285,-0.52264136
0.9604477,-0.98012745,2.2281177,0.51084846,0.32511202,0.39037174,0.8578228,1.4619753,-0.9665719
0.610837,-0.6210067,-0.6559574,0.45585495,0.3295745,0.59488904,0.5419377,-0.28065565,-0.564224
1.9121749,-1.9638605,1.2363491,0.31768334,0.30026603,0.55564916,1.6913753,1.14164,-1.82886
2.2294557,-1.9016838,0.0071832323,0.32662857,0.37643465,0.7087814,1.9895383,0.374254,-2.0560117
0.57131267,-1.3530742,0.33260253,0.5139952,0.24555117,0.6614871,0.5389131,0.3459259,-0.8186172
-0.739764,-0.24127476,1.1677493,0.33900344,0.30397737,0.706995,-0.6735932,0.6203623,0.37625667
-1.0066218,0.2922228,-0.072352454,0.49925578,0.4328199,0.60624975,-0.86909384,-0.21396285,0.6985831
0.4398356,-0.32577997,-1.1502163,0.43113026,0.29064816,0.63592505,0.38619214,-0.62939596,-0.34502473
0.9701785,-0.5708703,0.62728786,0.47667444,0.28596148,0.6043116,0.90026236,0.59346175,-0.8354236
0.093927525,0.28923485,1.3460019,0.45871264,0.3273294,0.5465214,0.0492085,0.8722179,0.023236074
-0.021998039,0.33461666,0.5085995,0.45590782,0.36471844,0.5712615,-0.025842112,0.33117,0.12354108
0.32069921,-1.478741,0.85900897,0.48374167,0.21814713,0.62161565,0.2952395,0.6531242,-0.69653636
1.4219931,-2.5474646,0.29697168,0.34117228,0.36457673,0.7437455,1.2725283,0.43560708,-1.6981313
-0.21219227,-0.40784857,0.7005513,0.47739822,0.35290754,0.635225,-0.19587058,0.39875603,-0.027544484
0.64582735,-1.2274208,-0.33971772,0.49394327,0.31657186,0.624773,0.60084796,-0.08106038,-0.816436
0.6069695,-0.29657286,0.53998816,0.48049372,0.33336896,0.60082865,0.5516412,0.4635068,-0.49905387
-0.4363775,0.63274413,0.9019873,0.42782068,0.33115315,0.5695133,-0.39462477,0.5037104,0.46311244
-0.12450303,-2.3287709,-0.64168465,0.4331138,0.19710684,0.5748375,0.016085073,-0.4177067,-0.72388744
0.5748527,0.08797561,0.19630407,0.43710935,0.34098613,0.6036932,0.5158772,0.23441032,-0.32377812
1.7096363,-0.4864854,-1.4849527,0.39834762,0.18357204,0.59117043,1.4880291,-0.58079565,-1.2515733
0.33271602,-0.4702882,-1.6005839,0.47052124,0.2919973,0.65087056,0.29744,-0.92649615,-0.3395178
1.2999263,-2.6559494,-0.5875771,0.30699936,0.3121067,0.6291207,1.2308947,-0.22780016,-1.6912456
0.72769094,-1.2143008,-0.04724658,0.49916214,0.2942092,0.64610326,0.6804745,0.12113771,-0.8675797
0.85161567,0.3437436,1.2254422,0.46781662,0.34348756,0.56737447,0.7831456,0.922274,-0.44857833
1.1159717,0.7259318,-0.7484365,0.28179473,0.17188308,0.7734635,1.0062405,-0.3595719,-0.5090137
0.55205023,0.40200153,-1.611066,0.32651067,0.16463944,0.68522394,0.5366943,-0.98634267,-0.24310005
-1.8315496,0.5025433,1.0569826,0.22909191,0.24613577,0.7385881,-1.5687882,0.39123574,1.3456563
0.49084735,-0.07186497,2.2986124,0.46875966,0.30602038,0.34291786,0.38115233,1.4150841,-0.35369062
1.0807321,-0.62824553,-0.014820057,0.45790356,0.28720498,0.6246144,0.99034625,0.20403162,-0.8956039
1.7067707,-3.2967503,-1.6042674,0.34802723,0.31908172,0.4484622,1.6689588,-0.85181034,-2.1062777
-0.9822711,0.52437043,0.6384401,0.4046405,0.37516385,0.6155052,-0.8470095,0.2398311,0.75879455
0.4586272,-1.3714099,-0.13054691,0.5169115,0.27663392,0.6452485,0.43774664,0.0125887245,-0.7519403
-0.57037073,0.07020181,-1.4889194,0.50671893,0.3580529,0.67079425,-0.4974509,-1.0521897,0.38618022
0.64172953,0.526325,0.6264447,0.4540775,0.34760052,0.60929793,0.57806635,0.5185646,-0.2272897
-0.60069793,1.8013268,0.048756294,0.3992623,0.21189271,0.6382594,-0.5615693,-0.07594505,0.95877874
-1.3372569,0.96473014,-0.4432735,0.4595832,0.3440025,0.6565604,-1.1851517,-0.46899918,1.1346569
-1.1596022,0.86024535,-1.1205742,0.45487678,0.3480389,0.6611771,-1.0298704,-0.88772535,0.99608517
0.9699328,-0.47739002,-1.8656323,0.4081893,0.21070446,0.6472812,0.87933725,-0.96498084,-0.78291607
-0.1560328,1.5939125,1.1318587,0.48152056,0.22227558,0.48164588,-0.17847666,0.6815231,0.57692826
-0.8695705,0.9621461,1.8119065,0.27223855,0.18830514,0.52726126,-0.7626438,0.9478091,0.8304143
1.1094121,-1.3773543,1.3130187,0.45990142,0.26741612,0.49786374,1.0079652,1.062369,-1.1723768
-1.1824625,0.43497527,0.7278037,0.36032844,0.36871457,0.66281044,-1.0201548,0.26066884,0.85788375
-0.04164134,-0.85270095,0.110077344,0.53553236,0.3399735,0.6198215,-0.033023447,0.041581575,-0.27301833
0.98235977,-0.73874295,0.7437162,0.48197508,0.270372,0.59745115,0.9135917,0.6761279,-0.9022579
-0.51823574,0.029576492,0.87300915,0.43140793,0.3684759,0.6290283,-0.46478432,0.46050864,0.30878168
0.07264569,-0.27193284,0.8541333,0.47803804,0.34828264,0.6089845,0.05172742,0.5605898,-0.1576722
1.3582119,-1.3727453,-0.08190078,0.40015584,0.36066166,0.6952057,1.2595887,0.2029817,-1.318996
0.9425481,0.8215227,0.002701605,0.36500105,0.28522533,0.72695816,0.8589534,0.14253685,-0.32410198
0.33647978,1.4158359,0.6529062,0.49803728,0.27845228,0.59958136,0.28323233,0.4870892,0.2549627
0.3923648,1.0122947,-0.49576572,0.33998945,0.21033397,0.7328142,0.35382408,-0.28378737,0.0942247
0.47901008,0.28430873,-1.3283942,0.3452666,0.19545166,0.6857895,0.44820142,-0.7926017,-0.2000035
-0.008988811,-0.8096261,0.32232392,0.52504945,0.32399848,0.63423324,-0.0063659325,0.189258,-0.28258562
0.97682166,-0.21218452,0.53024364,0.451433,0.3140583,0.61127704,0.9003562,0.5211246,-0.7111248
0.061492823,-1.6496605,0.71789527,0.4950205,0.21943992,0.67333764,0.07145706,0.5072036,-0.58220774
-1.0642984,0.2886039,-0.5672809,0.5401009,0.43003917,0.644316,-0.9293893,-0.5358869,0.74045897
-0.27647218,0.23345737,0.36660916,0.4619016,0.3904112,0.5652046,-0.24124996,0.19283235,0.24211183
-0.21613401,0.93996143,0.5557993,0.44180772,0.3026062,0.5634597,-0.2100902,0.33613628,0.44635865
0.43438998,-0.12995353,-0.23177686,0.4320785,0.34228057,0.5936034,0.3879668,-0.05835259,-0.2940279
0.7676969,0.45862922,0.44527313,0.43214282,0.34121102,0.62827903,0.69644463,0.42134994,-0.3280763
1.6913086,0.3733918,1.2043592,0.3396431,0.32069695,0.6116345,1.5861875,1.0165405,-1.0026937
-0.9675639,-0.25811198,0.033830047,0.47901887,0.43509385,0.63033366,-0.8305707,-0.19574434,0.48205438
1.2978666,-0.24758846,-1.9931378,0.3971864,0.13828939,0.6392615,1.173116,-1.0056874,-0.94672835
0.9890048,0.5222299,0.39651102,0.40404597,0.33227053,0.65321493,0.90633565,0.42127755,-0.4549845
0.35749903,-0.5103034,1.3701208,0.46236712,0.3126166,0.55729544,0.2941749,0.9410168,-0.41900542
-0.12308663,-1.5628943,1.3523301,0.35746586,0.23949188,0.5930943,-0.1285166,0.8884529,-0.41931543
-2.7671967,0.90909666,-2.3858602,0.39778066,0.5148849,0.4910941,-2.4249506,-1.9304421,2.0558784
-1.7151995,0.58295137,-1.5868766,0.47709423,0.47837293,0.5949925,-1.5229152,-1.294282,1.2211648
0.68118197,-0.19386831,-0.0338914,0.43816996,0.32591558,0.60415345,0.6130648,0.11011708,-0.48334983
-0.4602479,0.43789396,-1.081994,0.4509002,0.30416882,0.69303656,-0.3937695,-0.7649027,0.44962266
-1.1832246,-1.4643809,-0.10665584,0.39288497,0.23058105,0.6829231,-0.9491526,-0.4094408,0.21619746
-0.36043814,-1.9837694,0.76916057,0.4663822,0.25622934,0.7151112,-0.29908252,0.45904598,-0.41082796
0.5550964,-0.80681735,0.14181128,0.5146426,0.30927557,0.6136646,0.5094659,0.20316616,-0.6271477
1.1224395,-2.319664,-0.95433027,0.33581662,0.3176939,0.5797689,1.0830176,-0.4538404,-1.4894307
-2.4309037,1.2332343,-1.8602912,0.3959364,0.5422627,0.5417067,-2.1432316,-1.5337675,1.9590123
-2.0321305,0.45778003,0.52528685,0.23870522,0.30410913,0.7773943,-1.7525662,0.011487126,1.447516
-1.5762287,1.3024698,-0.6488159,0.3998381,0.33644092,0.63948995,-1.4032257,-0.6415814,1.4022187
0.66945314,-1.6547347,1.6208969,0.4426228,0.28318053,0.42513424,0.569331,1.1623099,-0.97132933
1.008424,0.336145,0.41262656,0.4102217,0.33160394,0.6410955,0.92367536,0.43791345,-0.5324697
1.5908796,-0.23598959,1.7143662,0.3879946,0.32664916,0.5221382,1.491553,1.3038225,-1.1398513
-0.0861238,1.0417613,-1.047248,0.34566003,0.19581208,0.71155345,-0.055316582,-0.7273747,0.39194444
-1.4938735,0.6652817,1.3566432,0.2637381,0.23761666,0.6793287,-1.2738091,0.6134975,1.1647747
0.0025661224,0.25840223,0.26077828,0.44992632,0.36983025,0.56945467,0.0015815124,0.17893761,0.090174
1.2851465,0.08878525,-1.2626988,0.32131028,0.12975913,0.66155434,1.1268057,-0.58761466,-0.8123925
-0.3283816,0.8109582,0.72290087,0.43833086,0.31726635,0.5572753,-0.3038866,0.41683397,0.4633883
0.07059054,-0.15142882,0.17315097,0.47817618,0.38986304,0.57203615,0.065808296,0.12516779,-0.095365174
1.2142687,0.3094852,-2.8850095,0.35480636,0.0876804,0.71302915,1.1607157,-1.6698937,-0.8537312
0.35650364,-0.39191067,-0.9241204,0.45338592,0.32959187,0.61565137,0.31159544,-0.50058126,-0.31505617
-0.81401044,0.16964446,1.9862163,0.19405207,0.23613238,0.57797277,-0.76093125,1.1129475,0.5986404
0.2534871,-0.12305712,-1.00794,0.4281118,0.30285066,0.6454781,0.22562355,-0.5832039,-0.15943696
0.13273838,-1.5549045,0.31229165,0.531056,0.21804608,0.68395317,0.14570844,0.2367697,-0.6060461
0.2531303,1.4622043,0.903695,0.518396,0.267743,0.54306215,0.19937697,0.6313404,0.30817553
1.0841664,-2.0475426,1.4357047,0.45116097,0.3178473,0.45246643,0.9330251,1.1483991,-1.3301167
-2.113675,1.573416,0.15065739,0.3753648,0.28153205,0.6416518,-1.8125397,-0.27216262,1.8388658
-1.0204225,0.23124392,0.6218677,0.39841285,0.39205503,0.6489016,-0.8848249,0.21391764,0.68359005
-0.578143,0.9039523,-1.6804394,0.37502882,0.28412968,0.6447736,-0.47770953,-1.1920682,0.6356702
-1.9576292,-0.48560634,-1.3801821,0.4234311,0.28028798,0.5940903,-1.6710055,-1.3431057,0.9903624
-1.4821184,0.97926587,0.6352192,0.35462612,0.3195982,0.64035857,-1.2572539,0.14710693,1.2307419
-1.4926299,0.4978126,0.4072492,0.36236116,0.3847902,0.6853153,-1.2892628,0.009670675,1.0741014
2.335146,-1.3225985,0.35745588,0.23955458,0.32801133,0.6102547,2.0696783,0.6614727,-1.9533846
0.63394713,-1.0915204,-0.6835255,0.48192257,0.3411551,0.59821767,0.5768153,-0.2904558,-0.7535155
1.6237171,-0.7051946,2.6851418,0.48361582,0.2857231,0.37932986,1.480883,1.7806649,-1.3095353
-0.89493614,0.889294,0.7062031,0.39639056,0.32275218,0.5833529,-0.77116615,0.2985806,0.82766795
0.18592842,0.47510624,-0.31624863,0.3890472,0.2940935,0.63442326,0.16453771,-0.15628992,0.069884665
0.66843945,-1.2026702,0.103897676,0.5115026,0.27708375,0.6487208,0.6259814,0.20858493,-0.8293011
-0.51689225,0.03052871,-0.04900693,0.49700698,0.43516997,0.57064027,-0.44036704,-0.122282356,0.3228269
0.14410473,0.81542546,-0.8099089,0.34457612,0.20743579,0.7113861,0.14042902,-0.51791584,0.19064265
2.429187,-1.4058797,-0.25014424,0.33439523,0.39794543,0.6259134,2.1293254,0.30483735,-2.0391128
0.40513253,0.7543055,-0.679242,0.32905194,0.21096101,0.7156779,0.3690992,-0.39441094,0.0066464096
0.7069507,1.0628371,3.0276895,0.4718688,0.16249603,0.24581331,0.50164247,1.7180545,-0.21648383
-2.6100595,2.5143816,-0.31706548,0.39643085,0.2784455,0.5165682,-2.2915082,-0.63540983,2.4752936
-0.011231392,-0.6204309,-0.26944318,0.52697086,0.40243477,0.57735884,-0.0068357512,-0.1824393,-0.19729635
-0.14475629,-0.46234953,0.41356525,0.5020189,0.37510133,0.6120649,-0.12877597,0.22264571,-0.08439442
0.5589767,-1.4151382,-0.5135026,0.48294622,0.31463385,0.62273884,0.5298122,-0.20664343,-0.83014417
-0.4108441,0.62465745,0.44335464,0.4414981,0.3487867,0.56179047,-0.36448175,0.22910821,0.45687643
-0.2877459,-0.21125951,-0.042294536,0.5024454,0.43148783,0.5682938,-0.24393494,-0.0863488,0.10353998
-0.5511402,0.3916327,1.0403789,0.40808147,0.34272003,0.6022984,-0.49447298,0.5659676,0.45193526
-0.6987282,0.9138341,1.2637787,0.3619501,0.26781258,0.562408,-0.61585325,0.6666715,0.70714355
1.0059588,-0.14275114,-1.7739998,0.3662354,0.16040647,0.6525706,0.9128827,-0.9372684,-0.70875067
0.3884699,0.455766,-1.0489813,0.33722258,0.20676121,0.69749284,0.36225605,-0.63075125,-0.07895792
-2.0688066,1.3955693,-0.39553696,0.37722588,0.35239315,0.6430227,-1.8189801,-0.57167375,1.7517463
0.63178563,0.7664983,0.2021685,0.41615033,0.31299585,0.6593839,0.56551456,0.23921558,-0.12743264
0.7610469,-1.0260502,-0.6173243,0.46513128,0.33726805,0.6045743,0.69073623,-0.22588435,-0.80981016
-1.7775886,1.5884451,1.0042299,0.36521178,0.20344357,0.55829895,-1.4640572,0.25614256,1.6063789
-0.40186775,-0.13058063,0.8022909,0.4509083,0.36945045,0.62961555,-0.36338544,0.43284112,0.18273374
0.030987894,-1.0637741,-1.1728972,0.5478951,0.33778992,0.5885072,0.029341545,-0.7140415,-0.37488535
1.4396627,-0.56076324,-1.4530433,0.383559,0.21201167,0.6017404,1.2608684,-0.61020994,-1.0959419
-0.32880965,0.26775682,-0.2955892,0.4596419,0.37504497,0.5946456,-0.27911228,-0.22417983,0.30829397
-0.032684457,0.52713054,-0.014144049,0.4201909,0.32698238,0.592427,-0.0314496,0.007294886,0.215013
-0.28663468,1.2557786,1.1181588,0.44362405,0.24761018,0.5111114,-0.28507668,0.65761364,0.5611602
0.8963662,-1.0608071,0.9003961,0.48769784,0.24745107,0.5800731,0.8297262,0.7731724,-0.9480115
0.49810535,0.6122096,0.503798,0.45170915,0.34010184,0.60893804,0.44095838,0.41779622,-0.099683836
-1.7707359,1.9587457,-0.56718403,0.33543885,0.3078816,0.5873509,-1.5693992,-0.6409873,1.756793
-1.4491184,0.45464012,0.7065731,0.31635746,0.35307953,0.7017536,-1.248192,0.207033,1.0418983
-0.19145495,0.29072443,-0.53918153,0.4366653,0.33665794,0.6304002,-0.15999301,-0.35640877,0.24209574
-0.12254819,-0.51271826,-2.045308,0.50008655,0.31255296,0.6376841,-0.10593833,-1.2885237,-0.10042036
-0.72637147,-0.1172787,1.0091003,0.3763368,0.33797085,0.68518347,-0.65210325,0.51282,0.39634705
0.12916562,-0.7095387,-0.6861617,0.5261332,0.3866937,0.5846124,0.11245964,-0.40257296,-0.29931045
-0.13194746,0.3938384,2.0071564,0.36290383,0.26549765,0.4303055,-0.18900926,1.1927162,0.20161489
0.44054887,-1.3120189,1.1837289,0.4577069,0.23343402,0.54810774,0.3869928,0.8731568,-0.72487724
0.8228417,-0.5386943,2.7067838,0.5124619,0.30735022,0.31078157,0.7083144,1.6207737,-0.7376294
-1.8159583,0.1248177,0.7857457,0.19398311,0.28668255,0.80504835,-1.5696106,0.21573335,1.2139816
0.4132434,-0.24631064,0.039645344,0.46418643,0.35702634,0.58462554,0.37190002,0.10719258,-0.33442354
1.1806637,0.5969387,-0.52203596,0.30528036,0.20611314,0.76267225,1.0575446,-0.17664197,-0.57442707
1.36547,-2.7431033,-1.4493313,0.3651648,0.300494,0.49054587,1.3312044,-0.75671124,-1.7424734
1.1615503,0.75468075,-1.5602728,0.2610631,0.080572784,0.6885718,1.0728747,-0.9137142,-0.6020038
1.0246392,1.7270054,0.4380817,0.3783701,0.24891105,0.72909045,0.9836045,0.42969102,-0.1344505
-1.1912888,1.8436443,0.51364833,0.35986945,0.2366294,0.5876082,-1.0109046,0.08096141,1.3206247
-0.13992442,0.42866158,-0.9688093,0.40968025,0.27168924,0.6894114,-0.10988264,-0.6410301,0.25538352
0.49215132,-0.31222418,0.6593274,0.4866097,0.33708277,0.6000267,0.4429869,0.51861376,-0.43468603
0.48619828,-0.6039355,-0.81893194,0.46537942,0.3373902,0.5971023,0.42753595,-0.40467265,-0.47448733
-1.2797382,-0.23133595,-0.86901224,0.5511201,0.43287262,0.65220934,-1.1143101,-0.8353579,0.6769172
0.38175783,-0.38170514,-0.29125828,0.465453,0.35985324,0.5829349,0.34177524,-0.10521011,-0.34802437
